Date,2.5 percentile,5.0 percentile,10.0 percentile,15.0 percentile,20.0 percentile,25.0 percentile,30.0 percentile,35.0 percentile,40.0 percentile,45.0 percentile,50.0 percentile,55.0 percentile,60.0 percentile,65.0 percentile,70.0 percentile,75.0 percentile,80.0 percentile,85.0 percentile,90.0 percentile,95.0 percentile,97.5 percentile,ConfirmedCases
2020-01-22,0.0,0.0,0.0,0.0,0.0,0.0,0.0,0.0,0.0,0.0,0.0,0.0,0.0,0.0,0.0,0.0,0.0,0.0,0.0,0.0,0.0,0.0
2020-01-23,0.0,0.0,0.0,0.0,0.0,0.0,0.0,0.0,0.0,0.0,0.0,0.0,0.0,0.0,0.0,0.0,0.0,0.0,0.0,0.0,0.0,0.0
2020-01-24,0.0,0.0,0.0,0.0,0.0,0.0,0.0,0.0,0.0,0.0,0.0,0.0,0.0,0.0,0.0,0.0,0.0,0.0,0.0,0.0,0.0,0.0
2020-01-25,0.0,0.0,0.0,0.0,0.0,0.0,0.0,0.0,0.0,0.0,0.0,0.0,0.0,0.0,0.0,0.0,0.0,0.0,0.0,0.0,0.0,0.0
2020-01-26,0.0,0.0,0.0,0.0,0.0,0.0,0.0,0.0,0.0,0.0,0.0,0.0,0.0,0.0,0.0,0.0,0.0,0.0,0.0,0.0,0.0,0.0
2020-01-27,0.0,0.0,0.0,0.0,0.0,0.0,0.0,0.0,0.0,0.0,0.0,0.0,0.0,0.0,0.0,0.0,0.0,0.0,0.0,0.0,0.0,0.0
2020-01-28,0.0,0.0,0.0,0.0,0.0,0.0,0.0,0.0,0.0,0.0,0.0,0.0,0.0,0.0,0.0,0.0,0.0,0.0,0.0,0.0,0.0,0.0
2020-01-29,0.0,0.0,0.0,0.0,0.0,0.0,0.0,0.0,0.0,0.0,0.0,0.0,0.0,0.0,0.0,0.0,0.0,0.0,0.0,0.0,0.0,0.0
2020-01-30,0.0,0.0,0.0,0.0,0.0,0.0,0.0,0.0,0.0,0.0,0.0,0.0,0.0,0.0,0.0,0.0,0.0,0.0,0.0,0.0,0.0,0.0
2020-01-31,0.0,0.0,0.0,0.0,0.0,0.0,0.0,0.0,0.0,0.0,0.0,0.0,0.0,0.0,0.0,0.0,0.0,0.0,0.0,0.0,0.0,0.0
2020-02-01,0.0,0.0,0.0,0.0,0.0,0.0,0.0,0.0,0.0,0.0,0.0,0.0,0.0,0.0,0.0,0.0,0.0,0.0,0.0,0.0,0.0,0.0
2020-02-02,0.0,0.0,0.0,0.0,0.0,0.0,0.0,0.0,0.0,0.0,0.0,0.0,0.0,0.0,0.0,0.0,0.0,0.0,0.0,0.0,0.0,0.0
2020-02-03,0.0,0.0,0.0,0.0,0.0,0.0,0.0,0.0,0.0,0.0,0.0,0.0,0.0,0.0,0.0,0.0,0.0,0.0,0.0,0.0,0.0,0.0
2020-02-04,0.0,0.0,0.0,0.0,0.0,0.0,0.0,0.0,0.0,0.0,0.0,0.0,0.0,0.0,0.0,0.0,0.0,0.0,0.0,0.0,0.0,0.0
2020-02-05,0.0,0.0,0.0,0.0,0.0,0.0,0.0,0.0,0.0,0.0,0.0,0.0,0.0,0.0,0.0,0.0,0.0,0.0,0.0,0.0,0.0,0.0
2020-02-06,0.0,0.0,0.0,0.0,0.0,0.0,0.0,0.0,0.0,0.0,0.0,0.0,0.0,0.0,0.0,0.0,0.0,0.0,0.0,0.0,0.0,0.0
2020-02-07,0.0,0.0,0.0,0.0,0.0,0.0,0.0,0.0,0.0,0.0,0.0,0.0,0.0,0.0,0.0,0.0,0.0,0.0,0.0,0.0,0.0,0.0
2020-02-08,0.0,0.0,0.0,0.0,0.0,0.0,0.0,0.0,0.0,0.0,0.0,0.0,0.0,0.0,0.0,0.0,0.0,0.0,0.0,0.0,0.0,0.0
2020-02-09,0.0,0.0,0.0,0.0,0.0,0.0,0.0,0.0,0.0,0.0,0.0,0.0,0.0,0.0,0.0,0.0,0.0,0.0,0.0,0.0,0.0,0.0
2020-02-10,0.0,0.0,0.0,0.0,0.0,0.0,0.0,0.0,0.0,0.0,0.0,0.0,0.0,0.0,0.0,0.0,0.0,0.0,0.0,0.0,0.0,0.0
2020-02-11,0.0,0.0,0.0,0.0,0.0,0.0,0.0,0.0,0.0,0.0,0.0,0.0,0.0,0.0,0.0,0.0,0.0,0.0,0.0,0.0,0.0,0.0
2020-02-12,0.0,0.0,0.0,0.0,0.0,0.0,0.0,0.0,0.0,0.0,0.0,0.0,0.0,0.0,0.0,0.0,0.0,0.0,0.0,0.0,0.0,0.0
2020-02-13,0.0,0.0,0.0,0.0,0.0,0.0,0.0,0.0,0.0,0.0,0.0,0.0,0.0,0.0,0.0,0.0,0.0,0.0,0.0,0.0,0.0,0.0
2020-02-14,0.0,0.0,0.0,0.0,0.0,0.0,0.0,0.0,0.0,0.0,0.0,0.0,0.0,0.0,0.0,0.0,0.0,0.0,0.0,0.0,0.0,0.0
2020-02-15,0.0,0.0,0.0,0.0,0.0,0.0,0.0,0.0,0.0,0.0,0.0,0.0,0.0,0.0,0.0,0.0,0.0,0.0,0.0,0.0,0.0,0.0
2020-02-16,0.0,0.0,0.0,0.0,0.0,0.0,0.0,0.0,0.0,0.0,0.0,0.0,0.0,0.0,0.0,0.0,0.0,0.0,0.0,0.0,0.0,0.0
2020-02-17,0.0,0.0,0.0,0.0,0.0,0.0,0.0,0.0,0.0,0.0,0.0,0.0,0.0,0.0,0.0,0.0,0.0,0.0,0.0,0.0,0.0,0.0
2020-02-18,0.0,0.0,0.0,0.0,0.0,0.0,0.0,0.0,0.0,0.0,0.0,0.0,0.0,0.0,0.0,0.0,0.0,0.0,0.0,0.0,0.0,0.0
2020-02-19,0.0,0.0,0.0,0.0,0.0,0.0,0.0,0.0,0.0,0.0,0.0,0.0,0.0,0.0,0.0,0.0,0.0,0.0,0.0,0.0,0.0,0.0
2020-02-20,0.0,0.0,0.0,0.0,0.0,0.0,0.0,0.0,0.0,0.0,0.0,0.0,0.0,0.0,0.0,0.0,0.0,0.0,0.0,0.0,0.0,0.0
2020-02-21,0.0,0.0,0.0,0.0,0.0,0.0,0.0,0.0,0.0,0.0,0.0,0.0,0.0,0.0,0.0,0.0,0.0,0.0,0.0,0.0,0.0,0.0
2020-02-22,0.0,0.0,0.0,0.0,0.0,0.0,0.0,0.0,0.0,0.0,0.0,0.0,0.0,0.0,0.0,0.0,0.0,0.0,0.0,0.0,0.0,0.0
2020-02-23,0.0,0.0,0.0,0.0,0.0,0.0,0.0,0.0,0.0,0.0,0.0,0.0,0.0,0.0,0.0,0.0,0.0,0.0,0.0,0.0,0.0,0.0
2020-02-24,0.0,0.0,0.0,0.0,0.0,0.0,0.0,0.0,0.0,0.0,0.0,0.0,0.0,0.0,0.0,0.0,0.0,0.0,0.0,0.0,0.0,0.0
2020-02-25,0.0,0.0,0.0,0.0,0.0,0.0,0.0,0.0,0.0,0.0,0.0,0.0,0.0,0.0,0.0,0.0,0.0,0.0,0.0,0.0,0.0,0.0
2020-02-26,0.0,0.0,0.0,0.0,0.0,0.0,0.0,0.0,0.0,0.0,0.0,0.0,0.0,0.0,0.0,0.0,0.0,0.0,0.0,0.0,0.0,0.0
2020-02-27,0.0,0.0,0.0,0.0,0.0,0.0,0.0,0.0,0.0,0.0,0.0,0.0,0.0,0.0,0.0,0.0,0.0,0.0,0.0,0.0,0.0,0.0
2020-02-28,0.0,0.0,0.0,0.0,0.0,0.0,0.0,0.0,0.0,0.0,0.0,0.0,0.0,0.0,0.0,0.0,0.0,0.0,0.0,0.0,0.0,0.0
2020-02-29,0.0,0.0,0.0,0.0,0.0,0.0,0.0,0.0,0.0,0.0,0.0,0.0,0.0,0.0,0.0,0.0,0.0,0.0,0.0,0.0,0.0,0.0
2020-03-01,0.0,0.0,0.0,0.0,0.0,0.0,0.0,0.0,0.0,0.0,0.0,0.0,0.0,0.0,0.0,0.0,0.0,0.0,0.0,0.0,0.0,0.0
2020-03-02,0.0,0.0,0.0,0.0,0.0,0.0,0.0,0.0,0.0,0.0,0.0,0.0,0.0,0.0,0.0,0.0,0.0,0.0,0.0,0.0,0.0,0.0
2020-03-03,0.0,0.0,0.0,0.0,0.0,0.0,0.0,0.0,0.0,0.0,0.0,0.0,0.0,0.0,0.0,0.0,0.0,0.0,0.0,0.0,0.0,0.0
2020-03-04,0.0,0.0,0.0,0.0,0.0,0.0,0.0,0.0,0.0,0.0,0.0,0.0,0.0,0.0,0.0,0.0,0.0,0.0,0.0,0.0,0.0,0.0
2020-03-05,0.0,0.0,0.0,0.0,0.0,0.0,0.0,0.0,0.0,0.0,0.0,0.0,0.0,0.0,0.0,0.0,0.0,0.0,0.0,0.0,0.0,0.0
2020-03-06,0.0,0.0,0.0,0.0,0.0,0.0,0.0,0.0,0.0,0.0,0.0,0.0,0.0,0.0,0.0,0.0,0.0,0.0,0.0,0.0,0.0,0.0
2020-03-07,0.0,0.0,0.0,0.0,0.0,0.0,0.0,0.0,0.0,0.0,0.0,0.0,0.0,0.0,0.0,0.0,0.0,0.0,0.0,0.0,0.0,0.0
2020-03-08,0.0,0.0,0.0,0.0,0.0,0.0,0.0,0.0,0.0,0.0,0.0,0.0,0.0,0.0,0.0,0.0,0.0,0.0,0.0,0.0,1.0,0.0
2020-03-09,0.0,0.0,0.0,0.0,0.0,0.0,0.0,0.0,0.0,0.0,0.0,0.0,0.0,0.0,0.0,0.0,0.0,0.0,0.0,1.0,1.0,0.0
2020-03-10,0.0,0.0,0.0,0.0,0.0,0.0,0.0,0.0,0.0,0.0,0.0,0.0,0.0,0.0,0.0,0.0,0.0,1.0,1.0,1.0,1.0,0.0
2020-03-11,0.0,0.0,0.0,0.0,0.0,0.0,0.0,0.0,0.0,0.0,0.0,0.0,0.0,0.0,0.0,1.0,1.0,1.0,1.0,2.0,2.0,0.0
2020-03-12,0.0,0.0,0.0,0.0,0.0,0.0,0.0,0.0,0.0,0.0,0.0,1.0,1.0,1.0,1.0,1.0,1.0,2.0,2.0,3.0,3.0,1.0
2020-03-13,0.0,0.0,0.0,0.0,0.0,0.0,0.0,1.0,1.0,1.0,1.0,1.0,1.0,2.0,2.0,2.0,2.0,3.0,3.0,4.0,5.0,1.0
2020-03-14,0.0,0.0,0.0,1.0,1.0,1.0,1.0,2.0,2.0,2.0,2.0,2.0,3.0,3.0,3.0,4.0,4.0,5.0,5.0,7.0,8.0,1.0
2020-03-15,0.0,1.0,1.0,2.0,2.0,2.0,3.0,3.0,3.0,4.0,4.0,4.0,5.0,5.0,5.0,6.0,7.0,7.0,8.0,10.0,12.0,9.0
2020-03-16,1.0,1.0,2.0,3.0,3.0,4.0,4.0,5.0,5.0,6.0,6.0,7.0,7.0,8.0,8.0,9.0,10.0,11.0,12.0,14.0,16.0,5.0
2020-03-17,2.0,2.0,3.0,4.0,5.0,5.0,6.0,7.0,7.0,8.0,8.0,9.0,10.0,10.0,11.0,12.0,13.0,14.0,16.0,19.0,21.0,15.0
2020-03-18,2.0,3.0,5.0,6.0,6.0,7.0,8.0,9.0,9.0,10.0,11.0,11.0,12.0,13.0,14.0,15.0,16.0,18.0,20.0,23.0,26.0,11.0
2020-03-19,3.0,4.0,6.0,7.0,8.0,9.0,10.0,10.0,11.0,12.0,13.0,14.0,15.0,15.0,17.0,18.0,19.0,21.0,23.0,27.0,30.0,9.0
2020-03-20,4.0,5.0,7.0,8.0,9.0,10.0,11.0,12.0,13.0,14.0,15.0,15.0,16.0,18.0,19.0,20.0,22.0,23.0,26.0,30.0,34.0,5.0
2020-03-21,4.0,6.0,8.0,9.0,10.0,11.0,12.0,13.0,14.0,15.0,16.0,17.0,18.0,19.0,20.0,22.0,23.0,26.0,28.0,33.0,37.0,13.0
2020-03-22,5.0,6.0,8.0,10.0,11.0,12.0,13.0,14.0,15.0,16.0,17.0,18.0,19.0,21.0,22.0,23.0,25.0,27.0,30.0,35.0,39.0,19.0
2020-03-23,5.0,7.0,9.0,10.0,12.0,13.0,14.0,15.0,16.0,17.0,18.0,19.0,20.0,22.0,23.0,25.0,26.0,29.0,32.0,36.0,41.0,18.0
2020-03-24,6.0,7.0,9.0,11.0,12.0,13.0,14.0,16.0,17.0,18.0,19.0,20.0,21.0,23.0,24.0,26.0,27.0,30.0,33.0,38.0,42.0,11.0
2020-03-25,6.0,8.0,10.0,11.0,13.0,14.0,15.0,16.0,17.0,18.0,19.0,21.0,22.0,23.0,25.0,26.0,28.0,31.0,34.0,39.0,44.0,24.0
2020-03-26,6.0,8.0,10.0,12.0,13.0,14.0,15.0,17.0,18.0,19.0,20.0,21.0,22.0,24.0,25.0,27.0,29.0,31.0,35.0,40.0,45.0,13.0
2020-03-27,6.0,8.0,10.0,12.0,13.0,15.0,16.0,17.0,18.0,19.0,20.0,22.0,23.0,24.0,26.0,28.0,30.0,32.0,35.0,41.0,46.0,13.0
2020-03-28,7.0,8.0,10.0,12.0,14.0,15.0,16.0,17.0,19.0,20.0,21.0,22.0,24.0,25.0,27.0,28.0,30.0,33.0,36.0,42.0,47.0,43.0
2020-03-29,7.0,8.0,11.0,12.0,14.0,15.0,16.0,18.0,19.0,20.0,21.0,23.0,24.0,25.0,27.0,29.0,31.0,33.0,37.0,42.0,47.0,42.0
2020-03-30,7.0,9.0,11.0,13.0,14.0,16.0,17.0,18.0,19.0,21.0,22.0,23.0,24.0,26.0,28.0,29.0,32.0,34.0,38.0,43.0,48.0,22.0
2020-03-31,7.0,9.0,11.0,13.0,14.0,16.0,17.0,18.0,20.0,21.0,22.0,24.0,25.0,26.0,28.0,30.0,32.0,35.0,38.0,44.0,49.0,28.0
2020-04-01,7.0,9.0,11.0,13.0,15.0,16.0,17.0,19.0,20.0,21.0,23.0,24.0,25.0,27.0,29.0,30.0,33.0,35.0,39.0,44.0,50.0,41.0
2020-04-02,7.0,9.0,12.0,13.0,15.0,16.0,18.0,19.0,20.0,22.0,23.0,24.0,26.0,27.0,29.0,31.0,33.0,36.0,39.0,45.0,51.0,32.0
2020-04-03,7.0,9.0,12.0,14.0,15.0,17.0,18.0,19.0,21.0,22.0,23.0,25.0,26.0,28.0,29.0,31.0,34.0,36.0,40.0,46.0,51.0,56.0
2020-04-04,8.0,10.0,12.0,14.0,15.0,17.0,18.0,20.0,21.0,22.0,24.0,25.0,27.0,28.0,30.0,32.0,34.0,37.0,41.0,47.0,52.0,24.0
2020-04-05,8.0,10.0,12.0,14.0,16.0,17.0,19.0,20.0,21.0,23.0,24.0,25.0,27.0,29.0,30.0,32.0,35.0,37.0,41.0,47.0,53.0,14.0
2020-04-06,8.0,10.0,12.0,14.0,16.0,17.0,19.0,20.0,22.0,23.0,24.0,26.0,27.0,29.0,31.0,33.0,35.0,38.0,42.0,48.0,54.0,29.0
2020-04-07,8.0,10.0,13.0,15.0,16.0,18.0,19.0,21.0,22.0,23.0,25.0,26.0,28.0,29.0,31.0,33.0,36.0,38.0,42.0,48.0,54.0,20.0
2020-04-08,8.0,10.0,13.0,15.0,16.0,18.0,19.0,21.0,22.0,24.0,25.0,27.0,28.0,30.0,32.0,34.0,36.0,39.0,43.0,49.0,55.0,18.0
2020-04-09,8.0,10.0,13.0,15.0,17.0,18.0,20.0,21.0,23.0,24.0,25.0,27.0,29.0,30.0,32.0,34.0,37.0,39.0,43.0,50.0,55.0,23.0
2020-04-10,8.0,11.0,13.0,15.0,17.0,19.0,20.0,21.0,23.0,24.0,26.0,27.0,29.0,31.0,32.0,35.0,37.0,40.0,44.0,50.0,56.0,26.0
2020-04-11,9.0,11.0,13.0,15.0,17.0,19.0,20.0,22.0,23.0,25.0,26.0,28.0,29.0,31.0,33.0,35.0,38.0,41.0,45.0,51.0,57.0,30.0
2020-04-12,9.0,11.0,14.0,16.0,17.0,19.0,21.0,22.0,23.0,25.0,26.0,28.0,30.0,31.0,33.0,35.0,38.0,41.0,45.0,51.0,58.0,17.0
2020-04-13,9.0,11.0,14.0,16.0,18.0,19.0,21.0,22.0,24.0,25.0,27.0,28.0,30.0,32.0,34.0,36.0,38.0,41.0,46.0,52.0,58.0,65.0
2020-04-14,9.0,11.0,14.0,16.0,18.0,20.0,21.0,23.0,24.0,26.0,27.0,29.0,30.0,32.0,34.0,36.0,39.0,42.0,46.0,53.0,59.0,36.0
2020-04-15,9.0,11.0,14.0,16.0,18.0,20.0,21.0,23.0,24.0,26.0,27.0,29.0,31.0,33.0,35.0,37.0,39.0,42.0,47.0,53.0,59.0,36.0
2020-04-16,9.0,11.0,14.0,16.0,18.0,20.0,22.0,23.0,25.0,26.0,28.0,29.0,31.0,33.0,35.0,37.0,40.0,43.0,47.0,54.0,60.0,26.0
2020-04-17,9.0,12.0,14.0,17.0,19.0,20.0,22.0,23.0,25.0,26.0,28.0,30.0,31.0,33.0,35.0,38.0,40.0,43.0,47.0,54.0,61.0,31.0
2020-04-18,9.0,12.0,15.0,17.0,19.0,20.0,22.0,24.0,25.0,27.0,28.0,30.0,32.0,34.0,36.0,38.0,41.0,44.0,48.0,55.0,61.0,20.0
2020-04-19,10.0,12.0,15.0,17.0,19.0,21.0,22.0,24.0,25.0,27.0,29.0,30.0,32.0,34.0,36.0,38.0,41.0,44.0,49.0,56.0,62.0,20.0
2020-04-20,10.0,12.0,15.0,17.0,19.0,21.0,23.0,24.0,26.0,27.0,29.0,31.0,32.0,34.0,36.0,39.0,41.0,45.0,49.0,56.0,62.0,8.0
2020-04-21,10.0,12.0,15.0,17.0,19.0,21.0,23.0,24.0,26.0,28.0,29.0,31.0,33.0,35.0,37.0,39.0,42.0,45.0,50.0,57.0,63.0,13.0
2020-04-22,10.0,12.0,15.0,18.0,20.0,21.0,23.0,25.0,26.0,28.0,30.0,31.0,33.0,35.0,37.0,39.0,42.0,45.0,50.0,57.0,64.0,19.0
2020-04-23,10.0,12.0,16.0,18.0,20.0,22.0,23.0,25.0,27.0,28.0,30.0,32.0,33.0,35.0,37.0,40.0,43.0,46.0,51.0,58.0,64.0,30.0
2020-04-24,10.0,13.0,16.0,18.0,20.0,22.0,24.0,25.0,27.0,28.0,30.0,32.0,34.0,36.0,38.0,40.0,43.0,46.0,51.0,58.0,65.0,28.0
2020-04-25,10.0,13.0,16.0,18.0,20.0,22.0,24.0,25.0,27.0,29.0,30.0,32.0,34.0,36.0,38.0,41.0,43.0,47.0,51.0,59.0,65.0,25.0
2020-04-26,10.0,13.0,16.0,18.0,20.0,22.0,24.0,26.0,27.0,29.0,31.0,32.0,34.0,36.0,38.0,41.0,44.0,47.0,52.0,59.0,66.0,25.0
2020-04-27,10.0,13.0,16.0,18.0,20.0,22.0,24.0,26.0,27.0,29.0,31.0,33.0,35.0,37.0,39.0,41.0,44.0,47.0,52.0,59.0,66.0,8.0
2020-04-28,11.0,13.0,16.0,19.0,21.0,23.0,24.0,26.0,28.0,29.0,31.0,33.0,35.0,37.0,39.0,42.0,44.0,48.0,52.0,60.0,67.0,17.0
2020-04-29,11.0,13.0,16.0,19.0,21.0,23.0,25.0,26.0,28.0,30.0,31.0,33.0,35.0,37.0,39.0,42.0,45.0,48.0,53.0,60.0,67.0,16.0
2020-04-30,11.0,13.0,16.0,19.0,21.0,23.0,25.0,26.0,28.0,30.0,32.0,33.0,35.0,37.0,40.0,42.0,45.0,49.0,53.0,61.0,68.0,39.0
2020-05-01,11.0,13.0,17.0,19.0,21.0,23.0,25.0,27.0,28.0,30.0,32.0,34.0,36.0,38.0,40.0,42.0,45.0,49.0,54.0,61.0,68.0,28.0
2020-05-02,11.0,13.0,17.0,19.0,21.0,23.0,25.0,27.0,29.0,30.0,32.0,34.0,36.0,38.0,40.0,43.0,46.0,49.0,54.0,62.0,69.0,29.0
2020-05-03,11.0,14.0,17.0,19.0,21.0,23.0,25.0,27.0,29.0,30.0,32.0,34.0,36.0,38.0,40.0,43.0,46.0,49.0,54.0,62.0,69.0,33.0
2020-05-04,11.0,14.0,17.0,19.0,22.0,24.0,25.0,27.0,29.0,31.0,32.0,34.0,36.0,38.0,41.0,43.0,46.0,50.0,55.0,62.0,69.0,20.0
2020-05-05,11.0,14.0,17.0,20.0,22.0,24.0,25.0,27.0,29.0,31.0,33.0,34.0,36.0,39.0,41.0,43.0,46.0,50.0,55.0,63.0,70.0,21.0
2020-05-06,11.0,14.0,17.0,20.0,22.0,24.0,26.0,27.0,29.0,31.0,33.0,35.0,37.0,39.0,41.0,44.0,47.0,50.0,55.0,63.0,70.0,28.0
2020-05-07,11.0,14.0,17.0,20.0,22.0,24.0,26.0,28.0,29.0,31.0,33.0,35.0,37.0,39.0,41.0,44.0,47.0,51.0,55.0,63.0,70.0,76.0
2020-05-08,11.0,14.0,17.0,20.0,22.0,24.0,26.0,28.0,29.0,31.0,33.0,35.0,37.0,39.0,41.0,44.0,47.0,51.0,56.0,63.0,71.0,44.0
2020-05-09,11.0,14.0,17.0,20.0,22.0,24.0,26.0,28.0,30.0,31.0,33.0,35.0,37.0,39.0,42.0,44.0,47.0,51.0,56.0,64.0,71.0,34.0
2020-05-10,11.0,14.0,17.0,20.0,22.0,24.0,26.0,28.0,30.0,31.0,33.0,35.0,37.0,39.0,42.0,44.0,47.0,51.0,56.0,64.0,71.0,28.0
2020-05-11,11.0,14.0,17.0,20.0,22.0,24.0,26.0,28.0,30.0,32.0,33.0,35.0,37.0,40.0,42.0,45.0,48.0,51.0,56.0,64.0,72.0,26.0
2020-05-12,11.0,14.0,18.0,20.0,22.0,24.0,26.0,28.0,30.0,32.0,34.0,35.0,37.0,40.0,42.0,45.0,48.0,51.0,56.0,64.0,72.0,15.0
2020-05-13,12.0,14.0,18.0,20.0,22.0,24.0,26.0,28.0,30.0,32.0,34.0,36.0,38.0,40.0,42.0,45.0,48.0,52.0,57.0,65.0,72.0,38.0
2020-05-14,12.0,14.0,18.0,20.0,22.0,24.0,26.0,28.0,30.0,32.0,34.0,36.0,38.0,40.0,42.0,45.0,48.0,52.0,57.0,65.0,72.0,50.0
2020-05-15,12.0,14.0,18.0,20.0,23.0,25.0,26.0,28.0,30.0,32.0,34.0,36.0,38.0,40.0,42.0,45.0,48.0,52.0,57.0,65.0,72.0,38.0
2020-05-16,12.0,14.0,18.0,20.0,23.0,25.0,26.0,28.0,30.0,32.0,34.0,36.0,38.0,40.0,42.0,45.0,48.0,52.0,57.0,65.0,72.0,45.0
2020-05-17,12.0,14.0,18.0,20.0,23.0,25.0,27.0,28.0,30.0,32.0,34.0,36.0,38.0,40.0,42.0,45.0,48.0,52.0,57.0,65.0,73.0,39.0
2020-05-18,12.0,14.0,18.0,20.0,23.0,25.0,27.0,28.0,30.0,32.0,34.0,36.0,38.0,40.0,42.0,45.0,48.0,52.0,57.0,65.0,72.0,26.0
2020-05-19,12.0,14.0,18.0,20.0,23.0,25.0,27.0,28.0,30.0,32.0,34.0,36.0,38.0,40.0,43.0,45.0,48.0,52.0,57.0,65.0,73.0,28.0
2020-05-20,12.0,14.0,18.0,20.0,23.0,25.0,27.0,28.0,30.0,32.0,34.0,36.0,38.0,40.0,43.0,45.0,48.0,52.0,57.0,65.0,73.0,78.0
2020-05-21,12.0,14.0,18.0,20.0,23.0,25.0,27.0,28.0,30.0,32.0,34.0,36.0,38.0,40.0,43.0,45.0,48.0,52.0,57.0,65.0,73.0,58.0
2020-05-22,12.0,14.0,18.0,20.0,23.0,25.0,26.0,28.0,30.0,32.0,34.0,36.0,38.0,40.0,42.0,45.0,48.0,52.0,57.0,65.0,73.0,71.0
2020-05-23,12.0,14.0,18.0,20.0,23.0,25.0,27.0,28.0,30.0,32.0,34.0,36.0,38.0,40.0,42.0,45.0,48.0,52.0,57.0,65.0,73.0,65.0
2020-05-24,12.0,14.0,18.0,20.0,23.0,25.0,26.0,28.0,30.0,32.0,34.0,36.0,38.0,40.0,42.0,45.0,48.0,52.0,57.0,65.0,72.0,42.0
2020-05-25,12.0,14.0,18.0,20.0,23.0,25.0,26.0,28.0,30.0,32.0,34.0,36.0,38.0,40.0,42.0,45.0,48.0,52.0,57.0,65.0,72.0,19.0
2020-05-26,12.0,14.0,18.0,20.0,23.0,25.0,26.0,28.0,30.0,32.0,34.0,36.0,38.0,40.0,42.0,45.0,48.0,52.0,57.0,65.0,72.0,35.0
2020-05-27,12.0,14.0,18.0,20.0,22.0,24.0,26.0,28.0,30.0,32.0,34.0,36.0,38.0,40.0,42.0,45.0,48.0,52.0,57.0,65.0,72.0,28.0
2020-05-28,11.0,14.0,18.0,20.0,22.0,24.0,26.0,28.0,30.0,32.0,34.0,36.0,38.0,40.0,42.0,45.0,48.0,52.0,57.0,64.0,72.0,52.0
2020-05-29,11.0,14.0,18.0,20.0,22.0,24.0,26.0,28.0,30.0,32.0,34.0,36.0,38.0,40.0,42.0,45.0,48.0,52.0,57.0,64.0,72.0,37.0
2020-05-30,11.0,14.0,17.0,20.0,22.0,24.0,26.0,28.0,30.0,32.0,33.0,35.0,37.0,39.0,42.0,44.0,47.0,51.0,56.0,64.0,71.0,56.0
2020-05-31,11.0,14.0,17.0,20.0,22.0,24.0,26.0,28.0,30.0,31.0,33.0,35.0,37.0,39.0,42.0,44.0,47.0,51.0,56.0,64.0,71.0,43.0
2020-06-01,11.0,14.0,17.0,20.0,22.0,24.0,26.0,28.0,30.0,31.0,33.0,35.0,37.0,39.0,42.0,44.0,47.0,51.0,56.0,64.0,71.0,24.0
2020-06-02,11.0,14.0,17.0,20.0,22.0,24.0,26.0,28.0,29.0,31.0,33.0,35.0,37.0,39.0,41.0,44.0,47.0,51.0,56.0,63.0,71.0,28.0
2020-06-03,11.0,14.0,17.0,20.0,22.0,24.0,26.0,28.0,29.0,31.0,33.0,35.0,37.0,39.0,41.0,44.0,47.0,50.0,55.0,63.0,70.0,41.0
2020-06-04,11.0,14.0,17.0,20.0,22.0,24.0,26.0,27.0,29.0,31.0,33.0,35.0,37.0,39.0,41.0,44.0,47.0,50.0,55.0,63.0,70.0,28.0
2020-06-05,11.0,14.0,17.0,20.0,22.0,24.0,25.0,27.0,29.0,31.0,33.0,34.0,36.0,39.0,41.0,43.0,46.0,50.0,55.0,63.0,70.0,36.0
2020-06-06,11.0,14.0,17.0,19.0,22.0,23.0,25.0,27.0,29.0,31.0,32.0,34.0,36.0,38.0,41.0,43.0,46.0,50.0,55.0,62.0,70.0,42.0
2020-06-07,11.0,13.0,17.0,19.0,21.0,23.0,25.0,27.0,29.0,31.0,32.0,34.0,36.0,38.0,40.0,43.0,46.0,50.0,54.0,62.0,69.0,46.0
2020-06-08,11.0,13.0,17.0,19.0,21.0,23.0,25.0,27.0,28.0,30.0,32.0,34.0,36.0,38.0,40.0,43.0,46.0,49.0,54.0,62.0,69.0,18.0
2020-06-09,11.0,13.0,17.0,19.0,21.0,23.0,25.0,27.0,28.0,30.0,32.0,34.0,36.0,38.0,40.0,42.0,45.0,49.0,54.0,61.0,68.0,18.0
2020-06-10,11.0,13.0,16.0,19.0,21.0,23.0,25.0,26.0,28.0,30.0,32.0,33.0,35.0,37.0,40.0,42.0,45.0,49.0,53.0,61.0,68.0,31.0
2020-06-11,11.0,13.0,16.0,19.0,21.0,23.0,25.0,26.0,28.0,30.0,31.0,33.0,35.0,37.0,39.0,42.0,45.0,48.0,53.0,60.0,67.0,30.0
2020-06-12,11.0,13.0,16.0,19.0,21.0,23.0,24.0,26.0,28.0,29.0,31.0,33.0,35.0,37.0,39.0,42.0,44.0,48.0,53.0,60.0,67.0,54.0
2020-06-13,10.0,13.0,16.0,18.0,20.0,22.0,24.0,26.0,27.0,29.0,31.0,33.0,35.0,37.0,39.0,41.0,44.0,48.0,52.0,60.0,67.0,36.0
2020-06-14,10.0,13.0,16.0,18.0,20.0,22.0,24.0,26.0,27.0,29.0,31.0,32.0,34.0,36.0,38.0,41.0,44.0,47.0,52.0,59.0,66.0,36.0
2020-06-15,10.0,13.0,16.0,18.0,20.0,22.0,24.0,25.0,27.0,29.0,30.0,32.0,34.0,36.0,38.0,41.0,43.0,47.0,51.0,59.0,66.0,17.0
2020-06-16,10.0,13.0,16.0,18.0,20.0,22.0,24.0,25.0,27.0,28.0,30.0,32.0,34.0,36.0,38.0,40.0,43.0,46.0,51.0,58.0,65.0,9.0
2020-06-17,10.0,12.0,16.0,18.0,20.0,22.0,23.0,25.0,27.0,28.0,30.0,32.0,34.0,35.0,38.0,40.0,43.0,46.0,51.0,58.0,65.0,17.0
2020-06-18,10.0,12.0,15.0,18.0,20.0,21.0,23.0,25.0,26.0,28.0,30.0,31.0,33.0,35.0,37.0,40.0,42.0,46.0,50.0,57.0,64.0,42.0
2020-06-19,10.0,12.0,15.0,18.0,19.0,21.0,23.0,25.0,26.0,28.0,29.0,31.0,33.0,35.0,37.0,39.0,42.0,45.0,50.0,57.0,63.0,35.0
2020-06-20,10.0,12.0,15.0,17.0,19.0,21.0,23.0,24.0,26.0,28.0,29.0,31.0,33.0,34.0,36.0,39.0,41.0,45.0,49.0,56.0,63.0,25.0
2020-06-21,10.0,12.0,15.0,17.0,19.0,21.0,22.0,24.0,26.0,27.0,29.0,31.0,32.0,34.0,36.0,39.0,41.0,44.0,49.0,56.0,62.0,19.0
2020-06-22,10.0,12.0,15.0,17.0,19.0,21.0,22.0,24.0,25.0,27.0,29.0,30.0,32.0,34.0,36.0,38.0,41.0,44.0,48.0,55.0,61.0,14.0
2020-06-23,9.0,12.0,15.0,17.0,19.0,20.0,22.0,24.0,25.0,27.0,28.0,30.0,32.0,33.0,35.0,38.0,40.0,44.0,48.0,55.0,61.0,23.0
2020-06-24,9.0,11.0,14.0,17.0,18.0,20.0,22.0,23.0,25.0,26.0,28.0,30.0,31.0,33.0,35.0,37.0,40.0,43.0,47.0,54.0,60.0,23.0
2020-06-25,9.0,11.0,14.0,16.0,18.0,20.0,22.0,23.0,25.0,26.0,28.0,29.0,31.0,33.0,35.0,37.0,39.0,43.0,47.0,53.0,60.0,53.0
2020-06-26,9.0,11.0,14.0,16.0,18.0,20.0,21.0,23.0,24.0,26.0,27.0,29.0,31.0,32.0,34.0,37.0,39.0,42.0,46.0,53.0,59.0,32.0
2020-06-27,9.0,11.0,14.0,16.0,18.0,20.0,21.0,23.0,24.0,26.0,27.0,29.0,30.0,32.0,34.0,36.0,39.0,42.0,46.0,52.0,58.0,52.0
2020-06-28,9.0,11.0,14.0,16.0,18.0,19.0,21.0,22.0,24.0,25.0,27.0,28.0,30.0,32.0,34.0,36.0,38.0,41.0,45.0,52.0,58.0,37.0
2020-06-29,9.0,11.0,14.0,16.0,17.0,19.0,21.0,22.0,23.0,25.0,26.0,28.0,30.0,31.0,33.0,35.0,38.0,41.0,45.0,51.0,57.0,28.0
2020-06-30,9.0,11.0,13.0,15.0,17.0,19.0,20.0,22.0,23.0,25.0,26.0,28.0,29.0,31.0,33.0,35.0,37.0,40.0,44.0,51.0,56.0,34.0
2020-07-01,8.0,11.0,13.0,15.0,17.0,19.0,20.0,21.0,23.0,24.0,26.0,27.0,29.0,31.0,32.0,34.0,37.0,40.0,44.0,50.0,56.0,41.0
2020-07-02,8.0,10.0,13.0,15.0,17.0,18.0,20.0,21.0,23.0,24.0,25.0,27.0,29.0,30.0,32.0,34.0,37.0,39.0,43.0,49.0,55.0,34.0
2020-07-03,8.0,10.0,13.0,15.0,17.0,18.0,20.0,21.0,22.0,24.0,25.0,27.0,28.0,30.0,32.0,34.0,36.0,39.0,43.0,49.0,54.0,45.0
2020-07-04,8.0,10.0,13.0,15.0,16.0,18.0,19.0,21.0,22.0,23.0,25.0,26.0,28.0,29.0,31.0,33.0,36.0,38.0,42.0,48.0,54.0,24.0
2020-07-05,8.0,10.0,12.0,14.0,16.0,18.0,19.0,20.0,22.0,23.0,24.0,26.0,27.0,29.0,31.0,33.0,35.0,38.0,42.0,48.0,53.0,18.0
2020-07-06,8.0,10.0,12.0,14.0,16.0,17.0,19.0,20.0,21.0,23.0,24.0,26.0,27.0,29.0,30.0,32.0,35.0,37.0,41.0,47.0,52.0,8.0
2020-07-07,8.0,10.0,12.0,14.0,16.0,17.0,19.0,20.0,21.0,22.0,24.0,25.0,27.0,28.0,30.0,32.0,34.0,37.0,41.0,46.0,52.0,17.0
2020-07-08,8.0,9.0,12.0,14.0,15.0,17.0,18.0,20.0,21.0,22.0,23.0,25.0,26.0,28.0,30.0,32.0,34.0,36.0,40.0,46.0,51.0,20.0
2020-07-09,7.0,9.0,12.0,14.0,15.0,17.0,18.0,19.0,21.0,22.0,23.0,25.0,26.0,28.0,29.0,31.0,33.0,36.0,40.0,45.0,50.0,26.0
2020-07-10,7.0,9.0,12.0,13.0,15.0,16.0,18.0,19.0,20.0,22.0,23.0,24.0,26.0,27.0,29.0,31.0,33.0,35.0,39.0,45.0,50.0,13.0
2020-07-11,7.0,9.0,11.0,13.0,15.0,16.0,17.0,19.0,20.0,21.0,23.0,24.0,25.0,27.0,28.0,30.0,32.0,35.0,39.0,44.0,49.0,21.0
2020-07-12,7.0,9.0,11.0,13.0,14.0,16.0,17.0,18.0,20.0,21.0,22.0,24.0,25.0,26.0,28.0,30.0,32.0,35.0,38.0,43.0,49.0,19.0
2020-07-13,7.0,9.0,11.0,13.0,14.0,16.0,17.0,18.0,19.0,21.0,22.0,23.0,25.0,26.0,28.0,29.0,32.0,34.0,37.0,43.0,48.0,19.0
2020-07-14,7.0,9.0,11.0,13.0,14.0,15.0,17.0,18.0,19.0,20.0,22.0,23.0,24.0,26.0,27.0,29.0,31.0,34.0,37.0,42.0,47.0,8.0
2020-07-15,7.0,8.0,11.0,12.0,14.0,15.0,16.0,18.0,19.0,20.0,21.0,22.0,24.0,25.0,27.0,29.0,31.0,33.0,36.0,42.0,47.0,12.0
2020-07-16,7.0,8.0,10.0,12.0,14.0,15.0,16.0,17.0,19.0,20.0,21.0,22.0,24.0,25.0,26.0,28.0,30.0,33.0,36.0,41.0,46.0,20.0
2020-07-17,6.0,8.0,10.0,12.0,13.0,15.0,16.0,17.0,18.0,19.0,21.0,22.0,23.0,24.0,26.0,28.0,30.0,32.0,35.0,40.0,45.0,38.0
2020-07-18,6.0,8.0,10.0,12.0,13.0,14.0,16.0,17.0,18.0,19.0,20.0,21.0,23.0,24.0,26.0,27.0,29.0,32.0,35.0,40.0,45.0,10.0
2020-07-19,6.0,8.0,10.0,12.0,13.0,14.0,15.0,17.0,18.0,19.0,20.0,21.0,22.0,24.0,25.0,27.0,29.0,31.0,34.0,39.0,44.0,41.0
2020-07-20,6.0,8.0,10.0,11.0,13.0,14.0,15.0,16.0,17.0,18.0,20.0,21.0,22.0,23.0,25.0,26.0,28.0,31.0,34.0,39.0,43.0,24.0
2020-07-21,6.0,7.0,10.0,11.0,12.0,14.0,15.0,16.0,17.0,18.0,19.0,20.0,22.0,23.0,24.0,26.0,28.0,30.0,33.0,38.0,43.0,12.0
2020-07-22,6.0,7.0,9.0,11.0,12.0,13.0,15.0,16.0,17.0,18.0,19.0,20.0,21.0,23.0,24.0,26.0,27.0,30.0,33.0,38.0,42.0,0.0
2020-07-23,6.0,7.0,9.0,11.0,12.0,13.0,14.0,15.0,16.0,18.0,19.0,20.0,21.0,22.0,24.0,25.0,27.0,29.0,32.0,37.0,41.0,14.0
2020-07-24,6.0,7.0,9.0,11.0,12.0,13.0,14.0,15.0,16.0,17.0,18.0,19.0,21.0,22.0,23.0,25.0,27.0,29.0,32.0,36.0,41.0,20.0
2020-07-25,5.0,7.0,9.0,10.0,12.0,13.0,14.0,15.0,16.0,17.0,18.0,19.0,20.0,21.0,23.0,24.0,26.0,28.0,31.0,36.0,40.0,33.0
2020-07-26,5.0,7.0,9.0,10.0,11.0,13.0,14.0,15.0,16.0,17.0,18.0,19.0,20.0,21.0,23.0,24.0,26.0,28.0,31.0,35.0,40.0,24.0
2020-07-27,5.0,7.0,8.0,10.0,11.0,12.0,13.0,14.0,15.0,16.0,17.0,19.0,20.0,21.0,22.0,24.0,25.0,28.0,30.0,35.0,39.0,18.0
2020-07-28,5.0,6.0,8.0,10.0,11.0,12.0,13.0,14.0,15.0,16.0,17.0,18.0,19.0,21.0,22.0,23.0,25.0,27.0,30.0,34.0,38.0,6.0
2020-07-29,5.0,6.0,8.0,10.0,11.0,12.0,13.0,14.0,15.0,16.0,17.0,18.0,19.0,20.0,21.0,23.0,25.0,27.0,29.0,34.0,38.0,28.0
2020-07-30,5.0,6.0,8.0,9.0,11.0,12.0,13.0,14.0,15.0,16.0,17.0,18.0,19.0,20.0,21.0,22.0,24.0,26.0,29.0,33.0,37.0,22.0
2020-07-31,5.0,6.0,8.0,9.0,10.0,11.0,12.0,13.0,14.0,15.0,16.0,17.0,18.0,19.0,21.0,22.0,24.0,26.0,28.0,33.0,37.0,24.0
2020-08-01,5.0,6.0,8.0,9.0,10.0,11.0,12.0,13.0,14.0,15.0,16.0,17.0,18.0,19.0,20.0,22.0,23.0,25.0,28.0,32.0,36.0,25.0
2020-08-02,5.0,6.0,8.0,9.0,10.0,11.0,12.0,13.0,14.0,15.0,16.0,17.0,18.0,19.0,20.0,21.0,23.0,25.0,28.0,32.0,36.0,21.0
2020-08-03,4.0,6.0,7.0,9.0,10.0,11.0,12.0,13.0,14.0,15.0,16.0,17.0,18.0,19.0,20.0,21.0,23.0,25.0,27.0,31.0,35.0,12.0
2020-08-04,4.0,6.0,7.0,9.0,10.0,11.0,12.0,13.0,14.0,14.0,15.0,16.0,17.0,18.0,20.0,21.0,23.0,25.0,27.0,31.0,35.0,5.0
2020-08-05,4.0,6.0,7.0,9.0,10.0,11.0,12.0,13.0,13.0,14.0,15.0,16.0,17.0,18.0,20.0,21.0,23.0,24.0,27.0,31.0,35.0,17.0
2020-08-06,4.0,6.0,7.0,9.0,10.0,11.0,12.0,13.0,13.0,14.0,15.0,16.0,17.0,18.0,20.0,21.0,23.0,24.0,27.0,31.0,35.0,5.0
2020-08-07,4.0,6.0,7.0,9.0,10.0,11.0,12.0,13.0,14.0,14.0,15.0,16.0,17.0,18.0,20.0,21.0,23.0,25.0,27.0,31.0,35.0,17.0
2020-08-08,4.0,6.0,7.0,9.0,10.0,11.0,12.0,13.0,14.0,15.0,16.0,17.0,18.0,19.0,20.0,21.0,23.0,25.0,27.0,31.0,35.0,12.0
2020-08-09,5.0,6.0,8.0,9.0,10.0,11.0,12.0,13.0,14.0,15.0,16.0,17.0,18.0,19.0,20.0,22.0,23.0,25.0,28.0,32.0,36.0,16.0
2020-08-10,5.0,6.0,8.0,9.0,10.0,11.0,12.0,13.0,14.0,15.0,16.0,17.0,18.0,19.0,20.0,22.0,24.0,25.0,28.0,32.0,36.0,7.0
2020-08-11,5.0,6.0,8.0,9.0,10.0,11.0,12.0,13.0,14.0,15.0,16.0,17.0,18.0,20.0,21.0,22.0,24.0,26.0,29.0,33.0,37.0,1.0
2020-08-12,5.0,6.0,8.0,9.0,11.0,12.0,13.0,14.0,15.0,16.0,17.0,18.0,19.0,20.0,21.0,23.0,24.0,26.0,29.0,33.0,38.0,20.0
2020-08-13,5.0,6.0,8.0,10.0,11.0,12.0,13.0,14.0,15.0,16.0,17.0,18.0,19.0,20.0,22.0,23.0,25.0,27.0,30.0,34.0,38.0,19.0
2020-08-14,5.0,7.0,8.0,10.0,11.0,12.0,13.0,14.0,15.0,16.0,17.0,18.0,19.0,21.0,22.0,23.0,25.0,27.0,30.0,35.0,39.0,26.0
2020-08-15,5.0,7.0,9.0,10.0,11.0,12.0,13.0,15.0,16.0,17.0,18.0,19.0,20.0,21.0,22.0,24.0,26.0,28.0,31.0,35.0,40.0,29.0
2020-08-16,5.0,7.0,9.0,10.0,12.0,13.0,14.0,15.0,16.0,17.0,18.0,19.0,20.0,21.0,23.0,24.0,26.0,28.0,31.0,36.0,40.0,24.0
2020-08-17,5.0,7.0,9.0,10.0,12.0,13.0,14.0,15.0,16.0,17.0,18.0,19.0,21.0,22.0,23.0,25.0,27.0,29.0,32.0,36.0,41.0,29.0
2020-08-18,6.0,7.0,9.0,11.0,12.0,13.0,14.0,15.0,16.0,17.0,19.0,20.0,21.0,22.0,24.0,25.0,27.0,29.0,32.0,37.0,41.0,16.0
2020-08-19,6.0,7.0,9.0,11.0,12.0,13.0,15.0,16.0,17.0,18.0,19.0,20.0,21.0,23.0,24.0,26.0,27.0,30.0,33.0,37.0,42.0,21.0
2020-08-20,6.0,7.0,10.0,11.0,12.0,14.0,15.0,16.0,17.0,18.0,19.0,20.0,22.0,23.0,24.0,26.0,28.0,30.0,33.0,38.0,42.0,18.0
2020-08-21,6.0,8.0,10.0,11.0,13.0,14.0,15.0,16.0,17.0,18.0,19.0,21.0,22.0,23.0,25.0,26.0,28.0,30.0,34.0,38.0,43.0,33.0
2020-08-22,6.0,8.0,10.0,11.0,13.0,14.0,15.0,16.0,17.0,19.0,20.0,21.0,22.0,24.0,25.0,27.0,29.0,31.0,34.0,39.0,44.0,32.0
2020-08-23,6.0,8.0,10.0,12.0,13.0,14.0,15.0,17.0,18.0,19.0,20.0,21.0,23.0,24.0,25.0,27.0,29.0,31.0,35.0,40.0,44.0,18.0
2020-08-24,6.0,8.0,10.0,12.0,13.0,14.0,16.0,17.0,18.0,19.0,20.0,22.0,23.0,24.0,26.0,27.0,29.0,32.0,35.0,40.0,45.0,21.0
2020-08-25,6.0,8.0,10.0,12.0,13.0,15.0,16.0,17.0,18.0,19.0,21.0,22.0,23.0,25.0,26.0,28.0,30.0,32.0,36.0,41.0,46.0,12.0
2020-08-26,7.0,8.0,11.0,12.0,14.0,15.0,16.0,17.0,19.0,20.0,21.0,22.0,24.0,25.0,27.0,28.0,30.0,33.0,36.0,41.0,46.0,21.0
2020-08-27,7.0,8.0,11.0,12.0,14.0,15.0,16.0,18.0,19.0,20.0,21.0,23.0,24.0,25.0,27.0,29.0,31.0,33.0,37.0,42.0,47.0,25.0
2020-08-28,7.0,9.0,11.0,13.0,14.0,15.0,17.0,18.0,19.0,20.0,22.0,23.0,24.0,26.0,27.0,29.0,31.0,34.0,37.0,42.0,47.0,22.0
2020-08-29,7.0,9.0,11.0,13.0,14.0,16.0,17.0,18.0,19.0,21.0,22.0,23.0,25.0,26.0,28.0,29.0,32.0,34.0,37.0,43.0,48.0,53.0
2020-08-30,7.0,9.0,11.0,13.0,14.0,16.0,17.0,18.0,20.0,21.0,22.0,24.0,25.0,26.0,28.0,30.0,32.0,35.0,38.0,43.0,48.0,23.0
2020-08-31,7.0,9.0,11.0,13.0,15.0,16.0,17.0,19.0,20.0,21.0,23.0,24.0,25.0,27.0,28.0,30.0,32.0,35.0,38.0,44.0,49.0,14.0
2020-09-01,7.0,9.0,12.0,13.0,15.0,16.0,18.0,19.0,20.0,21.0,23.0,24.0,26.0,27.0,29.0,31.0,33.0,35.0,39.0,44.0,50.0,22.0
2020-09-02,7.0,9.0,12.0,14.0,15.0,17.0,18.0,19.0,20.0,22.0,23.0,24.0,26.0,27.0,29.0,31.0,33.0,36.0,39.0,45.0,50.0,19.0
2020-09-03,8.0,9.0,12.0,14.0,15.0,17.0,18.0,19.0,21.0,22.0,23.0,25.0,26.0,28.0,30.0,31.0,34.0,36.0,40.0,46.0,51.0,50.0
2020-09-04,8.0,10.0,12.0,14.0,15.0,17.0,18.0,20.0,21.0,22.0,24.0,25.0,27.0,28.0,30.0,32.0,34.0,37.0,40.0,46.0,51.0,15.0
2020-09-05,8.0,10.0,12.0,14.0,16.0,17.0,19.0,20.0,21.0,23.0,24.0,25.0,27.0,28.0,30.0,32.0,34.0,37.0,41.0,47.0,52.0,35.0
2020-09-06,8.0,10.0,12.0,14.0,16.0,17.0,19.0,20.0,22.0,23.0,24.0,26.0,27.0,29.0,31.0,33.0,35.0,38.0,41.0,47.0,53.0,15.0
2020-09-07,8.0,10.0,13.0,14.0,16.0,18.0,19.0,20.0,22.0,23.0,24.0,26.0,27.0,29.0,31.0,33.0,35.0,38.0,42.0,48.0,53.0,19.0
2020-09-08,8.0,10.0,13.0,15.0,16.0,18.0,19.0,21.0,22.0,23.0,25.0,26.0,28.0,29.0,31.0,33.0,36.0,38.0,42.0,48.0,54.0,12.0
2020-09-09,8.0,10.0,13.0,15.0,17.0,18.0,19.0,21.0,22.0,24.0,25.0,27.0,28.0,30.0,32.0,34.0,36.0,39.0,43.0,49.0,54.0,21.0
2020-09-10,8.0,10.0,13.0,15.0,17.0,18.0,20.0,21.0,23.0,24.0,25.0,27.0,28.0,30.0,32.0,34.0,36.0,39.0,43.0,49.0,55.0,26.0
2020-09-11,8.0,10.0,13.0,15.0,17.0,18.0,20.0,21.0,23.0,24.0,26.0,27.0,29.0,30.0,32.0,34.0,37.0,40.0,44.0,50.0,56.0,32.0
2020-09-12,8.0,11.0,13.0,15.0,17.0,19.0,20.0,22.0,23.0,24.0,26.0,27.0,29.0,31.0,33.0,35.0,37.0,40.0,44.0,50.0,56.0,42.0
2020-09-13,9.0,11.0,13.0,15.0,17.0,19.0,20.0,22.0,23.0,25.0,26.0,28.0,29.0,31.0,33.0,35.0,38.0,40.0,44.0,51.0,57.0,29.0
2020-09-14,9.0,11.0,14.0,16.0,17.0,19.0,20.0,22.0,23.0,25.0,26.0,28.0,30.0,31.0,33.0,35.0,38.0,41.0,45.0,51.0,57.0,40.0
2020-09-15,9.0,11.0,14.0,16.0,18.0,19.0,21.0,22.0,24.0,25.0,27.0,28.0,30.0,32.0,33.0,36.0,38.0,41.0,45.0,52.0,58.0,15.0
2020-09-16,9.0,11.0,14.0,16.0,18.0,19.0,21.0,22.0,24.0,25.0,27.0,28.0,30.0,32.0,34.0,36.0,38.0,42.0,46.0,52.0,58.0,23.0
2020-09-17,9.0,11.0,14.0,16.0,18.0,20.0,21.0,23.0,24.0,26.0,27.0,29.0,30.0,32.0,34.0,36.0,39.0,42.0,46.0,53.0,59.0,21.0
2020-09-18,9.0,11.0,14.0,16.0,18.0,20.0,21.0,23.0,24.0,26.0,27.0,29.0,31.0,32.0,34.0,37.0,39.0,42.0,46.0,53.0,59.0,43.0
2020-09-19,9.0,11.0,14.0,16.0,18.0,20.0,21.0,23.0,25.0,26.0,28.0,29.0,31.0,33.0,35.0,37.0,39.0,43.0,47.0,53.0,59.0,30.0
2020-09-20,9.0,11.0,14.0,16.0,18.0,20.0,22.0,23.0,25.0,26.0,28.0,29.0,31.0,33.0,35.0,37.0,40.0,43.0,47.0,54.0,60.0,44.0
2020-09-21,9.0,12.0,14.0,17.0,19.0,20.0,22.0,23.0,25.0,26.0,28.0,30.0,31.0,33.0,35.0,37.0,40.0,43.0,47.0,54.0,60.0,27.0
2020-09-22,9.0,12.0,15.0,17.0,19.0,20.0,22.0,24.0,25.0,27.0,28.0,30.0,32.0,33.0,35.0,38.0,40.0,44.0,48.0,55.0,61.0,40.0
2020-09-23,9.0,12.0,15.0,17.0,19.0,21.0,22.0,24.0,25.0,27.0,28.0,30.0,32.0,34.0,36.0,38.0,41.0,44.0,48.0,55.0,61.0,25.0
2020-09-24,10.0,12.0,15.0,17.0,19.0,21.0,22.0,24.0,25.0,27.0,29.0,30.0,32.0,34.0,36.0,38.0,41.0,44.0,48.0,55.0,62.0,44.0
2020-09-25,10.0,12.0,15.0,17.0,19.0,21.0,22.0,24.0,26.0,27.0,29.0,30.0,32.0,34.0,36.0,38.0,41.0,44.0,49.0,56.0,62.0,20.0
2020-09-26,10.0,12.0,15.0,17.0,19.0,21.0,23.0,24.0,26.0,27.0,29.0,31.0,32.0,34.0,36.0,39.0,41.0,45.0,49.0,56.0,62.0,25.0
2020-09-27,10.0,12.0,15.0,17.0,19.0,21.0,23.0,24.0,26.0,28.0,29.0,31.0,33.0,34.0,37.0,39.0,42.0,45.0,49.0,56.0,63.0,28.0
2020-09-28,10.0,12.0,15.0,17.0,19.0,21.0,23.0,24.0,26.0,28.0,29.0,31.0,33.0,35.0,37.0,39.0,42.0,45.0,49.0,57.0,63.0,12.0
2020-09-29,10.0,12.0,15.0,18.0,19.0,21.0,23.0,25.0,26.0,28.0,29.0,31.0,33.0,35.0,37.0,39.0,42.0,45.0,50.0,57.0,63.0,37.0
2020-09-30,10.0,12.0,15.0,18.0,20.0,21.0,23.0,25.0,26.0,28.0,30.0,31.0,33.0,35.0,37.0,40.0,42.0,46.0,50.0,57.0,64.0,54.0
2020-10-01,10.0,12.0,15.0,18.0,20.0,21.0,23.0,25.0,26.0,28.0,30.0,31.0,33.0,35.0,37.0,40.0,42.0,46.0,50.0,57.0,64.0,40.0
2020-10-02,10.0,12.0,15.0,18.0,20.0,22.0,23.0,25.0,27.0,28.0,30.0,32.0,33.0,35.0,37.0,40.0,43.0,46.0,51.0,58.0,64.0,37.0
2020-10-03,10.0,12.0,15.0,18.0,20.0,22.0,23.0,25.0,27.0,28.0,30.0,32.0,34.0,35.0,38.0,40.0,43.0,46.0,51.0,58.0,64.0,18.0
2020-10-04,10.0,12.0,16.0,18.0,20.0,22.0,23.0,25.0,27.0,28.0,30.0,32.0,34.0,36.0,38.0,40.0,43.0,46.0,51.0,58.0,65.0,33.0
2020-10-05,10.0,12.0,16.0,18.0,20.0,22.0,23.0,25.0,27.0,28.0,30.0,32.0,34.0,36.0,38.0,40.0,43.0,46.0,51.0,58.0,65.0,26.0
2020-10-06,10.0,13.0,16.0,18.0,20.0,22.0,24.0,25.0,27.0,28.0,30.0,32.0,34.0,36.0,38.0,40.0,43.0,47.0,51.0,58.0,65.0,20.0
2020-10-07,10.0,13.0,16.0,18.0,20.0,22.0,24.0,25.0,27.0,29.0,30.0,32.0,34.0,36.0,38.0,40.0,43.0,47.0,51.0,59.0,65.0,39.0
2020-10-08,10.0,13.0,16.0,18.0,20.0,22.0,24.0,25.0,27.0,29.0,30.0,32.0,34.0,36.0,38.0,41.0,43.0,47.0,51.0,59.0,65.0,35.0
2020-10-09,10.0,13.0,16.0,18.0,20.0,22.0,24.0,25.0,27.0,29.0,30.0,32.0,34.0,36.0,38.0,41.0,43.0,47.0,51.0,59.0,66.0,27.0
2020-10-10,10.0,13.0,16.0,18.0,20.0,22.0,24.0,25.0,27.0,29.0,30.0,32.0,34.0,36.0,38.0,41.0,44.0,47.0,52.0,59.0,66.0,30.0
2020-10-11,10.0,13.0,16.0,18.0,20.0,22.0,24.0,25.0,27.0,29.0,30.0,32.0,34.0,36.0,38.0,41.0,44.0,47.0,52.0,59.0,66.0,27.0
2020-10-12,10.0,13.0,16.0,18.0,20.0,22.0,24.0,26.0,27.0,29.0,31.0,32.0,34.0,36.0,38.0,41.0,44.0,47.0,52.0,59.0,66.0,29.0
2020-10-13,10.0,13.0,16.0,18.0,20.0,22.0,24.0,26.0,27.0,29.0,31.0,32.0,34.0,36.0,38.0,41.0,44.0,47.0,52.0,59.0,66.0,28.0
2020-10-14,10.0,13.0,16.0,18.0,20.0,22.0,24.0,25.0,27.0,29.0,31.0,32.0,34.0,36.0,38.0,41.0,44.0,47.0,52.0,59.0,66.0,36.0
2020-10-15,10.0,13.0,16.0,18.0,20.0,22.0,24.0,25.0,27.0,29.0,31.0,32.0,34.0,36.0,38.0,41.0,44.0,47.0,52.0,59.0,66.0,20.0
2020-10-16,10.0,13.0,16.0,18.0,20.0,22.0,24.0,26.0,27.0,29.0,31.0,32.0,34.0,36.0,38.0,41.0,44.0,47.0,52.0,59.0,66.0,29.0
2020-10-17,10.0,13.0,16.0,18.0,20.0,22.0,24.0,25.0,27.0,29.0,31.0,32.0,34.0,36.0,38.0,41.0,44.0,47.0,52.0,59.0,66.0,48.0
2020-10-18,10.0,13.0,16.0,18.0,20.0,22.0,24.0,25.0,27.0,29.0,30.0,32.0,34.0,36.0,38.0,41.0,44.0,47.0,52.0,59.0,66.0,26.0
2020-10-19,10.0,13.0,16.0,18.0,20.0,22.0,24.0,25.0,27.0,29.0,30.0,32.0,34.0,36.0,38.0,41.0,44.0,47.0,52.0,59.0,66.0,23.0
2020-10-20,10.0,13.0,16.0,18.0,20.0,22.0,24.0,25.0,27.0,29.0,30.0,32.0,34.0,36.0,38.0,41.0,43.0,47.0,52.0,59.0,66.0,27.0
2020-10-21,10.0,12.0,16.0,18.0,20.0,22.0,24.0,25.0,27.0,29.0,30.0,32.0,34.0,36.0,38.0,41.0,43.0,47.0,52.0,59.0,66.0,38.0
2020-10-22,10.0,12.0,16.0,18.0,20.0,22.0,24.0,25.0,27.0,29.0,30.0,32.0,34.0,36.0,38.0,41.0,43.0,47.0,52.0,59.0,66.0,37.0
2020-10-23,10.0,12.0,16.0,18.0,20.0,22.0,23.0,25.0,27.0,28.0,30.0,32.0,34.0,36.0,38.0,40.0,43.0,47.0,51.0,59.0,66.0,31.0
2020-10-24,10.0,12.0,16.0,18.0,20.0,22.0,23.0,25.0,27.0,28.0,30.0,32.0,34.0,36.0,38.0,40.0,43.0,47.0,51.0,59.0,66.0,-999.0
2020-10-25,10.0,12.0,15.0,18.0,20.0,22.0,23.0,25.0,27.0,28.0,30.0,32.0,34.0,36.0,38.0,40.0,43.0,46.0,51.0,58.0,66.0,-999.0
2020-10-26,10.0,12.0,15.0,18.0,20.0,22.0,23.0,25.0,27.0,28.0,30.0,32.0,33.0,35.0,38.0,40.0,43.0,46.0,51.0,58.0,65.0,-999.0
2020-10-27,10.0,12.0,15.0,18.0,20.0,21.0,23.0,25.0,26.0,28.0,30.0,32.0,33.0,35.0,37.0,40.0,43.0,46.0,51.0,58.0,65.0,-999.0
2020-10-28,10.0,12.0,15.0,18.0,20.0,21.0,23.0,25.0,26.0,28.0,30.0,31.0,33.0,35.0,37.0,40.0,43.0,46.0,51.0,58.0,65.0,-999.0
2020-10-29,10.0,12.0,15.0,17.0,19.0,21.0,23.0,25.0,26.0,28.0,29.0,31.0,33.0,35.0,37.0,40.0,42.0,46.0,50.0,58.0,64.0,-999.0
2020-10-30,10.0,12.0,15.0,17.0,19.0,21.0,23.0,24.0,26.0,28.0,29.0,31.0,33.0,35.0,37.0,39.0,42.0,46.0,50.0,58.0,65.0,-999.0
2020-10-31,10.0,12.0,15.0,17.0,19.0,21.0,23.0,24.0,26.0,28.0,29.0,31.0,33.0,35.0,37.0,39.0,42.0,45.0,50.0,57.0,64.0,-999.0
2020-11-01,10.0,12.0,15.0,17.0,19.0,21.0,23.0,24.0,26.0,27.0,29.0,31.0,33.0,35.0,37.0,39.0,42.0,45.0,50.0,57.0,64.0,-999.0
2020-11-02,9.0,12.0,15.0,17.0,19.0,21.0,22.0,24.0,26.0,27.0,29.0,31.0,32.0,34.0,36.0,39.0,42.0,45.0,49.0,57.0,63.0,-999.0
2020-11-03,9.0,12.0,15.0,17.0,19.0,21.0,22.0,24.0,25.0,27.0,29.0,30.0,32.0,34.0,36.0,39.0,41.0,45.0,49.0,56.0,63.0,-999.0
2020-11-04,9.0,12.0,15.0,17.0,19.0,20.0,22.0,24.0,25.0,27.0,28.0,30.0,32.0,34.0,36.0,38.0,41.0,44.0,49.0,56.0,63.0,-999.0
2020-11-05,9.0,12.0,14.0,17.0,19.0,20.0,22.0,24.0,25.0,27.0,28.0,30.0,32.0,34.0,36.0,38.0,41.0,44.0,49.0,56.0,63.0,-999.0
2020-11-06,9.0,11.0,14.0,17.0,18.0,20.0,22.0,23.0,25.0,27.0,28.0,30.0,32.0,33.0,36.0,38.0,41.0,44.0,48.0,55.0,62.0,-999.0
