"","2.5 percentile","5 percentile","10 percentile","15 percentile","20 percentile","25 percentile","30 percentile","35 percentile","40 percentile","45 percentile","50 percentile","55 percentile","60 percentile","65 percentile","70 percentile","75 percentile","80 percentile","85 percentile","90 percentile","95 percentile","97.5 percentile","ConfirmedCases"
"2020-01-21",0,0,0,0,0,0,0,0,0,0,0,0,0,0,0,0,0,0,0,0,0,0
"2020-01-22",0,0,0,0,0,0,0,0,0,0,0,0,0,0,0,0,0,0,0,0,0,0
"2020-01-23",0,0,0,0,0,0,0,0,0,0,0,0,0,0,0,0,0,0,0,0,0,0
"2020-01-24",0,0,0,0,0,0,0,0,0,0,0,0,0,0,0,0,0,0,0,0,0,0
"2020-01-25",0,0,0,0,0,0,0,0,0,0,0,0,0,0,0,0,0,0,0,0,0,0
"2020-01-26",0,0,0,0,0,0,0,0,0,0,0,0,0,0,0,0,0,0,0,0,0,0
"2020-01-27",0,0,0,0,0,0,0,0,0,0,0,0,0,0,0,0,0,0,0,0,0,0
"2020-01-28",0,0,0,0,0,0,0,0,0,0,0,0,0,0,0,0,0,0,0,0,0,0
"2020-01-29",0,0,0,0,0,0,0,0,0,0,0,0,0,0,0,0,0,0,0,0,0,0
"2020-01-30",0,0,0,0,0,0,0,0,0,0,0,0,0,0,0,0,0,0,0,0,0,0
"2020-01-31",0,0,0,0,0,0,0,0,0,0,0,0,0,0,0,0,0,0,0,0,0,0
"2020-02-01",0,0,0,0,0,0,0,0,0,0,0,0,0,0,0,0,0,0,0,0,0,0
"2020-02-02",0,0,0,0,0,0,0,0,0,0,0,0,0,0,0,0,0,0,0,0,0,0
"2020-02-03",0,0,0,0,0,0,0,0,0,0,0,0,0,0,0,0,0,0,0,0,0,0
"2020-02-04",0,0,0,0,0,0,0,0,0,0,0,0,0,0,0,0,0,0,0,0,0,0
"2020-02-05",0,0,0,0,0,0,0,0,0,0,0,0,0,0,0,0,0,0,0,0,0,0
"2020-02-06",0,0,0,0,0,0,0,0,0,0,0,0,0,0,0,0,0,0,0,0,0,0
"2020-02-07",0,0,0,0,0,0,0,0,0,0,0,0,0,0,0,0,0,0,0,0,0,0
"2020-02-08",0,0,0,0,0,0,0,0,0,0,0,0,0,0,0,0,0,0,0,0,0,0
"2020-02-09",0,0,0,0,0,0,0,0,0,0,0,0,0,0,0,0,0,0,0,0,0,0
"2020-02-10",0,0,0,0,0,0,0,0,0,0,0,0,0,0,0,0,0,0,0,0,0,0
"2020-02-11",0,0,0,0,0,0,0,0,0,0,0,0,0,0,0,0,0,0,0,0,0,0
"2020-02-12",0,0,0,0,0,0,0,0,0,0,0,0,0,0,0,0,0,0,0,0,0,0
"2020-02-13",0,0,0,0,0,0,0,0,0,0,0,0,0,0,0,0,0,0,0,0,0,0
"2020-02-14",0,0,0,0,0,0,0,0,0,0,0,0,0,0,0,0,0,0,0,0,0,0
"2020-02-15",0,0,0,0,0,0,0,0,0,0,0,0,0,0,0,0,0,0,0,0,0,0
"2020-02-16",0,0,0,0,0,0,0,0,0,0,0,0,0,0,0,0,0,0,0,0,0,0
"2020-02-17",0,0,0,0,0,0,0,0,0,0,0,0,0,0,0,0,0,0,0,0,0,0
"2020-02-18",0,0,0,0,0,0,0,0,0,0,0,0,0,0,0,0,0,0,0,0,0,0
"2020-02-19",0,0,0,0,0,0,0,0,0,0,0,0,0,0,0,0,0,0,0,0,0,0
"2020-02-20",0,0,0,0,0,0,0,0,0,0,0,0,0,0,0,0,0,0,0,0,0,0
"2020-02-21",0,0,0,0,0,0,0,0,0,0,0,0,0,0,0,0,0,0,0,0,0,0
"2020-02-22",0,0,0,0,0,0,0,0,0,0,0,0,0,0,0,0,0,0,0,0,0,0
"2020-02-23",0,0,0,0,0,0,0,0,0,0,0,0,0,0,0,0,0,0,0,0,0,0
"2020-02-24",0,0,0,0,0,0,0,0,0,0,0,0,0,0,0,0,0,0,0,0,0,0
"2020-02-25",0,0,0,0,0,0,0,0,0,0,0,0,0,0,0,0,0,0,0,0,0,0
"2020-02-26",0,0,0,0,0,0,0,0,0,0,0,0,0,0,0,0,0,0,0,0,0,0
"2020-02-27",0,0,0,0,0,0,0,0,0,0,0,0,0,0,0,0,0,0,0,0,1,0
"2020-02-28",0,0,0,0,0,0,0,0,0,0,0,0,0,0,0,0,0,0,0,1,1,0
"2020-02-29",0,0,0,0,0,0,0,0,0,0,0,0,0,0,0,0,0,0,0,1,1,0
"2020-03-01",0,0,0,0,0,0,0,0,0,0,0,0,0,0,0,0,0,0,1,1,1,0
"2020-03-02",0,0,0,0,0,0,0,0,0,0,0,0,0,0,0,0,0,1,1,1,2,0
"2020-03-03",0,0,0,0,0,0,0,0,0,0,0,0,0,0,0,0,1,1,1,2,2,0
"2020-03-04",0,0,0,0,0,0,0,0,0,0,0,0,0,0,0,1,1,1,1,2,3,2
"2020-03-05",0,0,0,0,0,0,0,0,0,0,0,0,0,0,1,1,1,1,2,3,4,0
"2020-03-06",0,0,0,0,0,0,0,0,0,0,0,0,0,1,1,1,1,2,2,4,5,1
"2020-03-07",0,0,0,0,0,0,0,0,0,0,0,1,1,1,1,2,2,3,3,5,6,0
"2020-03-08",0,0,0,0,0,0,0,0,0,0,1,1,1,1,2,2,3,4,5,7,9,1
"2020-03-09",0,0,0,0,0,0,0,0,1,1,1,1,2,2,2,3,4,5,6,9,12,2
"2020-03-10",0,0,0,0,0,0,0,1,1,1,1,2,2,3,3,4,5,6,8,12,16,10
"2020-03-11",0,0,0,0,0,0,1,1,1,2,2,3,3,4,5,6,7,9,12,17,22,18
"2020-03-12",0,0,0,0,0,1,1,1,2,2,3,4,5,6,7,8,10,13,16,23,30,0
"2020-03-13",0,0,0,0,1,1,2,2,3,4,4,5,7,8,10,12,14,18,23,33,43,21
"2020-03-14",0,0,0,0,1,2,2,3,4,5,6,8,9,11,14,17,20,25.1499999999996,33,46,60,14
"2020-03-15",0,0,0,1,1,2,3,4,6,7,9,11,13,16,19,23,29,35,46,65,83,40
"2020-03-16",0,0,0,1,2,3,5,6,8,10,13,16,19,23,28,33,41,51,65,91,123,68
"2020-03-17",0,0,1,2,3,5,7,9,12,14,18,22,26,32,38,46,56,70,91,127,165,48
"2020-03-18",0,0,1,3,5,7,10,13,17,21,26,31,38,45,54,66,81,102,131,185,243,68
"2020-03-19",0,0,2,4,7,10,14,18,23,29,35,43.4500000000007,52,63,76,92,114,143,187,268,355,97
"2020-03-20",0,1,3,6,9,14,19,26,33,42,52,62,75,91,110,135,165,205,264,378,500,125
"2020-03-21",0,1,4,8,14,20,27,36,46,58,72,87,105,127,155,187,230.200000000001,285,365,531.049999999999,701.024999999998,112
"2020-03-22",0,2,5,11,18,28,38,51,65,81.5500000000002,100,122,149,180,217,263,324,408,537,770.049999999999,1009.025,152
"2020-03-23",0,2,8,15,25,37,52,68,86,110,136,166,201.4,243,294,355,436.200000000001,542,708,1006.05,1300,261
"2020-03-24",1,3,10,20,34,51,69,91,114,145,179,220,269,323,388,471,578,719,937,1309.05,1708.025,290
"2020-03-25",1,4,13,25,41,60,83,111,142,179,223,272.450000000001,331,401,483,589,721.200000000001,893.15,1137.1,1580,2095,411
"2020-03-26",1,5,16,31,50,72,99,132,168,209,258,315,385,463,563,684,837,1036,1342,1935.05,2521.025,518
"2020-03-27",1,5,16,33,53,79,110,147,187,233,285,351.450000000001,427,514,614,739,896,1120,1477,2105,2741.07499999999,606
"2020-03-28",1,5,17,34,56,80,112,146,185,235,293,360,433,524,631,764,926,1153.3,1521.1,2179,2940,434
"2020-03-29",2,6,18,35,56,81,111,145,188,234,291,356,429.4,522,628,766,943,1181,1505.1,2131.05,2855.07499999999,594
"2020-03-30",1,5,17,33,55,81,111,148,191,241,296,359,435,527,637,778,950,1184.15,1541.1,2229.05,2931,486
"2020-03-31",1,5,16,32,53,79,108,143,183,230,286,350,426,517,623,767,934,1151,1501,2142.05,2854.025,722
"2020-04-01",1,5,16,31,50,76,105,138.65,178,225,276.5,343,420,501,610,738,897.200000000001,1111,1449,2049,2692,716
"2020-04-02",1,5,17,33,54,79,107,141,181,226,280,341,410,498,599,722.25,880,1087.15,1402,1965.05,2614.07499999999,789
"2020-04-03",1,5,16,31,51,75,105,139,179,223,275,333,410,490,589.299999999999,716,875.200000000001,1104,1434.1,2057.05,2626.05,423
"2020-04-04",1,5,16,31,53,76,104,140,179,223,273,336,403.4,484,582,697.25,863.200000000001,1071.15,1392,1944,2528.025,796
"2020-04-05",1,5,16,32,53,77,107,141,181,226,277,335,404,486,585,711,855,1059.15,1375,1947.05,2565,687
"2020-04-06",1,5,15,31,50,73,99.6999999999998,132,168,211,262,321,388,471,572.299999999999,690.25,839,1033,1340.1,1875.2,2516.025,535
"2020-04-07",2,5,17,32,52,76,105,137,175,219,272,330,400,481,580,697,843,1050,1340,1872.05,2431.09999999999,661
"2020-04-08",1,5,16,32,50,73.75,103,135,170,214,265,323,388,470,570,688.25,841,1034.15,1332.1,1865,2416.05,699
"2020-04-09",1,5,16,31,52,74,103,136,174,217,270,331,399,482,575.299999999999,687.25,847,1040,1345,1913.05,2528.09999999999,693
"2020-04-10",1,4,15,30,50,74,102,136,171,214,268,328,395.4,471,566,683,832,1035,1327.1,1840.05,2362.025,546
"2020-04-11",1,4,15,29,49,73,101,134.65,171,215,266.5,322,393,469,570,690,841,1051.15,1352,1867.05,2457.05,691
"2020-04-12",1,5,15,29,49,73,103,135,170,211,261,319,386,464,556,670,810,999,1269,1754.15,2361.025,373
"2020-04-13",1,4.95000000000005,15,29,49,72,97,128,166,207,255,313,379,454,548,660.25,801,986,1258,1740.05,2290.025,535
"2020-04-14",1,5,16,31,49,72,100,133,169,213,261,315,382,465,559,675,818,1011,1298,1823.05,2367.025,411
"2020-04-15",1,5,15,30,48,71,98,130,167,210,261,319,384.4,457,550,661,800,990,1280.1,1797,2316.12499999999,941
"2020-04-16",1,5,15,31,50,71,99,131,168,209,257,314,378,452,547,656,794,982,1255,1783,2296.05,421
"2020-04-17",1,4,14,29,49,74,102,133,170,211,255.5,313,378,452,543,652,791,985,1261,1787,2298,474
"2020-04-18",1,5,16,31.8499999999999,50,72,99,131,167,207,254,311,378,451,539.299999999999,657,794,977,1244,1745.05,2243.07499999999,500
"2020-04-19",1,4,15,29,50,72,97,126,163,204,251,306,366,443,528,636,771.200000000001,975,1271,1777.05,2274,549
"2020-04-20",1,4,15,30,48,72,99,130,164,204,253,306,372,446.35,534,649,783,965.15,1250,1723.05,2252.025,240
"2020-04-21",1,4,14,29,48,70,97,127,165,206,251,305,371,444,532,640,778,966,1238.1,1713.1,2257.07499999999,789
"2020-04-22",1,5,15,29,48,70,98,128,162,203,248,302,366,440,526,636,771.200000000001,948,1221,1693.05,2207.025,544
"2020-04-23",1,5,15,29,47,70,95,126,161,200,248,302,365,443,534,644,776.200000000001,961,1213,1673.05,2154.025,161
"2020-04-24",1,4,14,29,48,69.75,95,124,158,197.55,242,295,359,433,527,639,766,951,1212.1,1697.05,2207,499
"2020-04-25",1,4,15,29,48,69,94,125,161,200,247,301,363,432,517,618,741.200000000001,914,1161,1652.15,2181.07499999999,350
"2020-04-26",1,4,15,29,47,70,94,123,157,198,245,296,357,428,507,614,749.200000000001,918,1180,1634.05,2130.025,428
"2020-04-27",1,4,14,28,45,65,91,119,152,189,235.5,287,349,420,509,617,752,923,1149.1,1606,2078,181
"2020-04-28",1,4,14,28,45,67,91,122,155,194,237,290,352,421,505,602,732,904,1158.1,1632.05,2081.05,244
"2020-04-29",1,4,14,28,46,67,94,124,160,199,245,298,359,429,512,609,737,904,1157,1609,2030,594
"2020-04-30",1,4,13,27,45,66,90,121,156,196,241,294,354,424,514,619.25,751,932,1184.1,1639,2106.025,395
"2020-05-01",1,4,14,29,47,68,95,124,158,196,240,290,347,417,499,602,736,910.15,1164,1637.05,2104.025,248
"2020-05-02",1,4,14,29,47,69,94,123,158,196,240,292,351,420,504,607,738,907,1164,1622.1,2107.19999999998,569
"2020-05-03",1,4,13,26,43,63,87.6999999999998,116.65,149,185,228,277,336,404,490,590,718,890,1143,1582.05,2080.025,320
"2020-05-04",1,4,14,27,44,64,89,116,150,189,233,283,345,420,497,597,730,904,1145,1585,2087,298
"2020-05-05",1,4,14,27,45,65,88,116,148,184,228,274,327,397,478,580,710,886,1147,1572,2008,445
"2020-05-06",1,4,14,27,45,68,91,119,150,189,231,281,340,413,492,599,726.200000000001,906,1156,1602.05,2068.025,118
"2020-05-07",1,4,14,27,44,65,90,118,151,186,229,278,335,406,485,592,726,894,1140,1619,2069.17499999998,452
"2020-05-08",1,4,14,27,44,64,87,115,147,184,229,277,334,406,490,589,718,890,1131.1,1559,2013,316
"2020-05-09",1,4,13,25,42,63,86,115,147,184,227,278,334,400,485,583,708,881,1139.1,1589.05,2064,203
"2020-05-10",1,4,13,25,41,60.75,83,109,141,176,217,267,325,394,471,562,687.200000000001,858.15,1124.1,1564.05,2014,513
"2020-05-11",1,4,13,26,43,62,85,111,142,178,219,267,324.4,390,471,568,685,854,1090.1,1509.05,1985,191
"2020-05-12",1,4,13,25,41,61,85,111,142,178,221,269,324,394,468,565,688,850,1087,1528,1962,435
"2020-05-13",1,4,13,26,42,61,83,109,138,175,216,265,318,383,463,558,680.200000000001,841,1102.1,1527,1980.025,458
"2020-05-14",1,4,13,25,42,61,84,113,146,182,224,270,326,393,469,568,685,856,1106,1557,2053.025,472
"2020-05-15",1,4,13,26,41,60,80,107,137,173,214,259,314,380,458,557.25,684,844,1094,1542,1966.17499999998,418
"2020-05-16",1,4,13,25,42,60,84,111,141,178,218,268,323,388,464,561,689,850,1097.1,1527,1992.025,419
"2020-05-17",1,4,13,25,40,59,80,106,137,170,207,254,310,377,454,549,668.200000000001,838,1074,1495.15,1961.05,166
"2020-05-18",1,4,13,25,40,58,81,106,136,172,210,253,308,373,456,550,674,838,1071,1497.05,1957.025,207
"2020-05-19",1,4,12,24,39,57,80,107,136,171,210,256,311,374,453,540,671,822.15,1055.1,1486.05,1933.05,632
"2020-05-20",1,4,13,24,40,59,80,107,136.6,170,213,260,312,374,448,544,661,825,1068.1,1514.05,1975.025,325
"2020-05-21",1,4,12,24,39.8000000000002,59,79,105,135,169,209,254,306,371,448,545,667.200000000001,827,1067.1,1519,1972.025,309
"2020-05-22",1,3,12,24,39,58,79,104,133,166,205,251,300,365,442.299999999999,535,658.200000000001,823,1058.1,1501.05,1983,260
"2020-05-23",1,4,12,25,40,59,81,106,137,171,211,257,311,375,448,548,672,839,1074,1524,1990.05,413
"2020-05-24",1,3,12,24,39,58,80,105,136,172,212,255,312,377,457,554,671,830,1058,1508,1970,240
"2020-05-25",1,4,12,24,38,57,79,103.65,131,166,205,251,306,369,443,545,675,825,1070,1511.05,1993,109
"2020-05-26",1,4,13,25,40,61,82,106,136,171,209,256,310,370,447,544,666,834,1081,1492.05,1967.05,302
"2020-05-27",1,4,12,24,39,57,78,104,134,167,208,252,307,370,446,540,666.200000000001,830.15,1074,1505,2016.05,574
"2020-05-28",1,4,12,25,41,61,83,110,140,173,212,259,315,381,460.299999999999,560,683,851,1095,1527,2031.19999999998,410
"2020-05-29",1,4,12,25,41,62,85,113,143,177,220,266,323,391,469,563,690,852,1092.1,1576.05,2044,328
"2020-05-30",1,3,12,24,40,60,82,110,142,179.55,220,269,326,394,476,577,709,882.15,1132,1596,2108,351
"2020-05-31",1,4,13,26,43,63.75,86,115,148,184,229,280,340,407,493,592,723,897,1158.1,1642,2140.09999999999,221
"2020-06-01",1,4,14,28,45,66,92,122,155,193,237,290,348,418,506,614.25,754,924.15,1185,1685,2221.025,581
"2020-06-02",1,4,14,28,45,66,92,122,158,199,246,306,366,438,526,633,777,974,1245,1718,2225,657
"2020-06-03",1,4,14,29,47,69,95,126,162,204,252,308,375,454,548,663,809,997,1276.1,1782.1,2339,558
"2020-06-04",1,5,16,32,52,76,105,140,178,221,272,326,398,477,571,688,835,1042,1343.1,1888.1,2497.025,576
"2020-06-05",1,5,17,34.8499999999999,55,82,112,147,187,233,286,348,416,501,607,736,904.200000000001,1124,1434,2032.1,2637.17499999998,518
"2020-06-06",2,6,18,34,57,83,114,149,193,244.55,298,361,438,530,633,763,941,1178,1509.1,2177,2818.07499999999,428
"2020-06-07",2,6,18,36,60,87,120,159,202,255,313,384,469.4,568.35,688,836,1012,1247.15,1594.1,2233.05,2872.05,524
"2020-06-08",2,6,20,40,66,96,130,170,217,272,332,408.450000000001,499,602,728,878,1084,1342,1710.1,2367.05,3107.05,615
"2020-06-09",2,7,21,42,68,99,139,183,235,294,364,443,539,653,790,944,1158,1427,1851.2,2608.05,3432.09999999999,624
"2020-06-10",2,8,23,46,75,110,149,194,247,311,382,470,568.4,693,826,993,1209,1518,1936.1,2696.1,3635.05,898
"2020-06-11",2,8,25,50,81,119,164,217,276,339,414,510,614,740,899,1087,1311,1609,2089,2907.1,3836.24999999998,1269
"2020-06-12",2,8,26,51,84,123,170,228,291,362,444,542,653,787,952,1151.25,1408,1741,2227,3117.15,4110.22499999998,739
"2020-06-13",2,8,27,53,87,128,178,239,308.6,386,469,569,689,833.35,1006,1212,1491,1841,2357.1,3257,4223.09999999999,620
"2020-06-14",3,10,31,60,97,142,195,261,334,419,514,622,754,903,1080,1306.25,1594,1977,2535.3,3556,4629,1203
"2020-06-15",3,11,33,65,103,150,208,280,357,447,551.5,669,802.4,966,1168.3,1414.25,1724.2,2140,2740.1,3875.1,5013.025,1056
"2020-06-16",3,11,34,67,109,160,224,296,380,475,586,712,864,1031,1246.3,1502.25,1862,2317,2983,4196.05,5473.14999999999,1262
"2020-06-17",3,12,37,73,116.8,173,242,322,417,522,639.5,776,944.4,1138,1363,1643,2005,2503.15,3218.4,4434.1,5791,1121
"2020-06-18",4,13,41,83,131,192,263,349,446.6,553,698,859,1042.4,1242.35,1489,1784,2160,2622.15,3364.1,4679.05,6170.14999999999,1483
"2020-06-19",4,14,46,91,148,211,291,383,486,604,744,901,1092,1327.35,1596.3,1920.25,2333,2916.45,3741.1,5197.15,6741.24999999998,1276
"2020-06-20",5,16,49,99,163,239,321,427,537,671,829,1000,1210,1456.35,1729,2079,2506,3090.15,3967,5502.05,7157.05,810
"2020-06-21",5,17,53,103,168,246,333,439,563,708,873,1065,1284,1559,1868.3,2231.25,2720,3358,4292,6003.05,7853.17499999998,1237
"2020-06-22",5,17,56,109,180,263,356,471,605,758,931,1125,1352.4,1630.35,1970,2351,2876.4,3593,4608.1,6370.2,8443.025,1786
"2020-06-23",6,19.95,62,121.85,196,281,388,515,660,827.55,1005.5,1226,1466,1777.35,2129.6,2566,3118.2,3839,4968.1,7009.1,9067,1556
"2020-06-24",6.97500000000002,20.95,63,125,202,296,406,531,676,856,1049.5,1281,1546,1880,2269,2754,3341,4144.3,5312.9,7548.59999999999,9855.025,2926
"2020-06-25",8,23,72,138,225,329,449,598,768,961,1176.5,1412,1714,2067,2496,2987.5,3621.2,4477.15,5751.5,8041.54999999999,10525.125,2522
"2020-06-26",7,23.95,75,147,236,344.75,469.7,632.65,813,1030,1263.5,1515,1841,2212,2645.3,3188.25,3890.2,4856.45,6286,8830.15,11556.225,3187
"2020-06-27",7,25,78,157,258,374,517,694,878,1083,1328,1613.45,1953,2341,2801.3,3401,4205.2,5214.15,6773.3,9413.59999999999,12418.125,2255
"2020-06-28",8,25,82,165,270,398,546,722,906,1139,1421.5,1716,2065,2477,2976,3611.25,4422.2,5477.15,7047.6,9893.25,13177.2,2616
"2020-06-29",9,28,90,180,289,421,585.7,763,987.200000000001,1250,1538.5,1874,2266.4,2725,3285,3966,4831.2,5984.15,7755,10927.05,14453.025,1969
"2020-06-30",11,34,100,195,309,450,623.7,836,1058,1336,1636.5,2019,2448.4,2946.35,3537,4296,5192,6401,8285.1,11719.45,15324.375,3677
"2020-07-01",10,32,103,205,331,491,671,899,1153,1436.55,1768,2137,2584.4,3114.35,3738,4485,5493.2,6800.15,8652.7,12390.45,16455.025,3624
"2020-07-02",11,32,103,213,350,510,708,919,1172,1474,1830.5,2249,2732,3301,3928.6,4757.25,5787,7285.15,9480.4,13198.3,17360.8999999999,4589
"2020-07-03",12,37,119,239,385,555.75,768,1012.65,1302.6,1618,2007,2414,2899.4,3485,4227,5096.5,6258.4,7816.3,10093.4,14212.45,18971.025,4633
"2020-07-04",14,42,132,258.85,414,602,825.7,1075.65,1373.6,1715,2121,2571.45,3119,3732,4463.6,5425.25,6677.60000000001,8343.3,10709,15489.1,19969.275,3004
"2020-07-05",13,40,127,258,419,606,837,1115,1416,1775,2202,2701.45,3297.4,4010.7,4787.3,5791,7037.4,8711.45,11366.3,16062,20968.075,3201
"2020-07-06",14,46,140,274,449,660,921,1218.65,1552,1937,2377,2891.45,3490,4196.35,5113,6145.25,7477.2,9284.45,11970.4,16790.2,21888.1,4695
"2020-07-07",14,44,149,288.85,464,683.5,960,1270.65,1616.6,2024,2493,3047.45,3695,4438.05,5351,6451,7843.2,9774.3,12570.9,17601.05,22984.375,3733
"2020-07-08",16,49,153,296,481,720,994,1308.65,1676.6,2135,2646,3174.45,3806,4595.7,5494.3,6710.5,8267.6,10318.15,13244.1,18547.1,24169.7499999999,4560
"2020-07-09",16,51,158,311,496,735,1012,1344.65,1724,2158.1,2651.5,3269,3929.4,4768.35,5833.6,7019,8499.4,10616.8,13539.1,18924.8,24682.225,4689
"2020-07-10",17,53,166,325.85,532.8,780,1090.7,1433,1824,2284,2815.5,3410,4133,4973,5998.3,7208,8764.2,10939.45,14108.4,19617.15,25435.325,6519
"2020-07-11",17,55,175.9,333.85,542.8,794,1090,1423.65,1817.6,2298.55,2836,3466.45,4193,4991.1,6041.6,7355.25,9006.2,11095.9,14292.5,20081.6,26328.1749999999,5516
"2020-07-12",18,58,176,341,551,813.75,1142.7,1480.65,1871.2,2348,2924.5,3584.45,4350.8,5256,6239.9,7488.75,9138.2,11391.15,14794.6,20632.05,26681.8999999999,3893
"2020-07-13",18.975,55,168,330,548,813,1112.7,1479.65,1908.6,2398,2971.5,3597,4346.4,5212.35,6278,7526.25,9205,11342.15,14592.2,20351.3,26365.325,4362
"2020-07-14",17,57,174,338,542,793,1091.7,1468.65,1890.6,2375,2929.5,3556.45,4311.4,5195.35,6243.6,7646,9307.8,11585.6,15072.3,20901.65,27436.1499999999,5444
"2020-07-15",17,52.95,165,324,523,781,1089,1448.65,1876.6,2350,2930,3570,4270,5098,6156.6,7412.25,9047.4,11235.05,14547.9,20600.15,26901.7999999999,4439
"2020-07-16",15,53,170,338,536.8,781.75,1077.7,1439,1848,2282.55,2828,3494.45,4234,5119.05,6149,7386.25,8974.2,11310.15,14798.5,20612.55,27324.25,5061
"2020-07-17",19,60,177.9,337,547,793,1113,1474,1874,2350,2918.5,3582.45,4287,5116.35,6146,7369.25,8947,11127.2,14220.7,19998.7,26007.05,5102
"2020-07-18",18.975,57,172,342,546,785.75,1088.4,1448.65,1830,2287.55,2809,3396,4083.4,4900,5941.9,7144.25,8739.2,10951.15,14010.2,19593.2,25381.35,5133
"2020-07-19",17,49,163,318,518,762.75,1045.7,1392,1784,2233,2718.5,3298,4007.4,4830.35,5824.6,7042.5,8578,10647.6,13685.4,19336.1,25586.9499999999,4648
"2020-07-20",16,50,153,303,508,742,1030,1358.65,1729,2158,2663.5,3199,3906.8,4702,5623.3,6841,8250.2,10126,13119.1,18541.05,24166.25,4513
"2020-07-21",15,47,151,292,485,718,998,1301.65,1674.6,2070.55,2556,3101,3727.4,4509,5443,6558,8028.8,10054.45,12767.7,17740.45,23308.225,4747
"2020-07-22",15,48,143,280.85,452.8,685.75,930,1221,1552,1944.1,2399,2920.45,3546.4,4305.35,5151.3,6183.25,7649,9469.45,12351.2,17490.6,22862.3,5665
"2020-07-23",15,45,146,288,470.8,686,941.7,1241,1589,1987,2415.5,2915,3523,4256.35,5060.2,6065.5,7419.2,9213.9,11923.3,16996.65,22212.7249999999,5738
"2020-07-24",14,46,140,288,458,678,923,1205,1542.6,1911,2352,2851,3453,4160,5035,6093.5,7435.2,9067.3,11700.1,16337.05,21318.15,4682
"2020-07-25",14,44,137,273,434,630,870,1150,1474.6,1834,2280.5,2764,3345.4,4014.35,4869,5818.5,7146.2,8828.3,11293.1,15903.4,20712.4,4627
"2020-07-26",13,41,135,262,431,625,857,1157,1478,1828,2240,2687.45,3228,3860.35,4642.6,5589.75,6852.8,8532.15,10926.1,15201.25,19344.025,4550
"2020-07-27",13,43,126,252.85,407.8,601.75,820.7,1095,1429.6,1763,2159.5,2616.45,3166.8,3809,4582.3,5540.25,6708.2,8203.15,10425.2,14729.6,19175.5749999999,4677
"2020-07-28",12,41,125,250,413.8,607,827,1083,1377,1721.65,2092,2531,3018,3616,4384,5269,6422.2,7959.15,10365.2,14212.65,18563.425,4640
"2020-07-29",13,38.95,116,229,376,545,761,1005.65,1282.6,1599.55,1976,2401.45,2887,3456,4135,4997.25,6138,7565.6,9724.3,13761,18036.45,4223
"2020-07-30",11,35,114,222,359,529.75,723,958,1236,1562.55,1917,2312,2809.2,3363,4063,4924.25,5988,7467.35,9560.1,13038.1,17214.075,4711
"2020-07-31",12,40,117,222,362,511,709,946,1198,1504,1875,2293,2773.4,3310,3984.3,4822.5,5872.6,7315.15,9284,13080.15,16800.35,3033
"2020-08-01",11,35,110,210,342,500,687,915,1174,1482.55,1840.5,2223,2700,3250.35,3908,4735,5776,7136.15,9030.1,12900.05,16615.05,1834
"2020-08-02",11,32,100,197,321,473,657,880,1116,1382,1731.5,2144,2578,3094.35,3690,4456.25,5432,6749.3,8590.2,11961.6,15254.1,1916
"2020-08-03",9,30,100,197,317.8,463,649,857.65,1107,1382.55,1712,2067,2514.4,2999,3621.3,4439,5372,6665.15,8475,11636.05,14992,1945
"2020-08-04",10,30,96,194,319,474,648,848.65,1086,1338.55,1644.5,1990,2420,2920,3510.3,4210,5151.2,6340.15,8068.1,11221,14390.275,2886
"2020-08-05",10,30,97,193,306,451,622,819.65,1039,1310,1618,1977,2365.4,2839,3388.3,4080,4991,6161,7947.2,10973.4,13920.05,2797
"2020-08-06",9,28,86,170.85,279,419,583,758.65,978,1217,1507,1845,2233,2685,3265,3891.5,4764.2,5874,7590.3,10451.4,13715.025,3162
"2020-08-07",8,25,83,163,272,397,553,729.65,937.6,1167.55,1444.5,1765.45,2148.8,2596.35,3124,3752.5,4564.2,5691,7342,10190.2,13099.05,2318
"2020-08-08",8,26,85,171,282,411,561.7,735,939.6,1167,1424,1724,2058,2486,2976.6,3587.25,4343.2,5376.3,7025.3,9713.05,12425.275,2069
"2020-08-09",8,27,84,162,269,394,534,715,898,1137.55,1411,1706.45,2052,2477,2969,3556,4319.2,5309.15,6788,9612.2,12315,2558
"2020-08-10",8,25,82,159,256,375,519,670,868,1082,1314,1597,1926.4,2341,2831.3,3450.5,4188.4,5168.15,6536.4,9210.25,11903.05,4909
"2020-08-11",8,24,77,150,250,361,496,660,844,1062,1308,1585,1898,2279,2728,3310.25,4011.2,5028.15,6390.2,8911.05,11843.2,2648
"2020-08-12",7,23,69.9000000000001,141,233.8,344,474.7,624.65,810,1012,1243,1497,1814.4,2175,2605,3122,3833.2,4745.3,6109.3,8407.3,10905.375,2673
"2020-08-13",7,24,74,148,239,345,471,628,808,1010,1245.5,1506,1818.4,2196.35,2607.3,3134,3806.2,4695,6032.1,8435.3,10927.5,2714
"2020-08-14",7,22,71,142,225,331,458,600.65,773,955.55,1173,1426,1706,2056,2474,3005,3631,4494.15,5743,8070.05,10417.2,1563
"2020-08-15",6,19,66,134,222,324,444.7,585.65,743,938.55,1148.5,1383,1655,1988,2389,2891.25,3486.4,4329.45,5581,7847.05,10131.25,1243
"2020-08-16",6,21,64,130,211.8,311,427,558,711,894,1101,1342,1622.4,1930.7,2324,2811.5,3424,4253,5412,7386.1,9434.09999999999,1517
"2020-08-17",5,18,61,121,198,292,401,527,674,847,1037.5,1263,1506,1806,2173.3,2620,3190,3906.15,5043,7132.15,9328,1646
"2020-08-18",6,17,54.9000000000001,109,179,266,373,496,638,794.55,987.5,1195.45,1451,1756,2105.3,2548,3079,3828.45,4896,6856,8879.05,1827
"2020-08-19",6,21,62,120,192,275,381,498.65,637,792,970,1183,1421,1704,2052.3,2472,3032.2,3739,4781.2,6627.05,8580,1888
"2020-08-20",5,16,53,105,175,256.75,359,473,601,756.55,940,1151,1380,1658,1998.3,2383.5,2903,3542.15,4536.1,6306.05,8138.14999999999,1488
"2020-08-21",6,17.95,53,103,171,253,342,452,578,718,896.5,1099,1328,1581,1903.3,2293,2776,3422.6,4403.2,6077.79999999999,7774.14999999999,1200
"2020-08-22",6,19,55,107,176,254,345,451.65,571,721,886,1090,1300.4,1552,1861.3,2244,2720.2,3350,4335,6034.1,7865.12499999999,1049
"2020-08-23",5,17,51,99,167,245.75,338,444,560,690,845.5,1018,1233,1477,1776.6,2117,2602.4,3244,4137.3,5706.3,7410.05,1081
"2020-08-24",5,14,46,94,150,218,298.7,397,511.6,642,792.5,980.450000000001,1182.4,1415.35,1696,2042.25,2471.2,3094.15,4064,5642,7294.12499999999,1209
"2020-08-25",4,15,46,91,148,226,307,402,515.6,650,803,973,1167,1394,1664.3,2009.25,2456.2,3044.45,3887,5428.34999999999,7043.12499999999,1068
"2020-08-26",4,14,45,87,141,212,290.7,384,486,607,750,921,1110.4,1312.35,1575,1927.25,2351,2956.15,3781.1,5185,6778.07499999999,1390
"2020-08-27",5,14,43,84,137,196,270,354,462,582,716,871,1052,1251,1510.3,1838,2217.2,2774.15,3556.1,5135.15,6538.34999999997,1043
"2020-08-28",4,13,40,81,130,189,261,342,437,547.55,679,828,1000,1204,1446,1774.25,2174,2660,3430.1,4790.05,6426,842
"2020-08-29",4,12,39,77,122,182,252,338,439,549,674,815,993,1193.35,1436,1742,2135,2632.15,3363,4586.05,5993.025,622
"2020-08-30",4,13,39,77,125,179.75,247,329,417,523,644,790,949,1151.35,1383,1669.25,2026.2,2512.15,3196,4469.15,5877,3695
"2020-08-31",3,11,35,72,117,173,237.7,315,397,494,612,753,910,1086,1318,1592,1943,2422.15,3079.2,4338.2,5731.44999999996,598
"2020-09-01",3,10,33,67,107,161,224,296,378,474,579,709,863,1045,1268,1560,1884.2,2329.15,2986.1,4174.05,5407.22499999998,966
"2020-09-02",3,10,35,68,109,160,217,290,372,461,569,701,844,1011,1210,1468.25,1784,2227,2867,4011,5224.22499999998,856
"2020-09-03",3,10,32,63,103,152,213,279.65,361,455,558,686.450000000001,817,978,1172,1427.25,1743.4,2159,2794,3902.1,5044.07499999999,924
"2020-09-04",3,10,31,62,100,148,203,268,345,434,531,648.450000000001,781.4,945,1138,1369.25,1684.2,2104.15,2707,3830.1,4996.05,688
"2020-09-05",3,10,31,59,97,144,198,257,330,413,509,619,757,912,1105.3,1332,1611,2014.15,2599.1,3587,4679,527
"2020-09-06",2,8,28,56,92,136,188,251,321,403,495,602,726,877,1051,1280,1561,1916.15,2471,3510,4550.05,641
"2020-09-07",3,9,29,56,93,135,186,247.65,314,391,483,588,715,863.35,1040,1252,1543,1888.15,2399.1,3303.05,4326.12499999999,660
"2020-09-08",3,9,29,57,91,131,179,234,297,372,456,556.450000000001,678.4,812,972,1177,1452,1817,2373.1,3374.25,4382.025,744
"2020-09-09",3,8,26,53,84,123,168,223,289,358,441,539,647.4,780,951,1149,1399,1730,2239,3211.1,4197.29999999997,888
"2020-09-10",3,8,26,51,82,121,164,219,279,348,421,514,619,748,900,1087,1328,1650.3,2148.1,3086.05,4092.07499999999,753
"2020-09-11",2,7,24,48,78,115,158,209,269,338,419,508,608,734,887,1082,1318,1635,2082,2973,3855.19999999998,609
"2020-09-12",2,8,25,49,80,116,158,207,266,333,406,497,600,722,869,1049,1280.2,1567,2023,2858.3,3723.07499999999,418
"2020-09-13",2,7,23,45,75,110,152,202,258,319,395,480,583,695,839,1022,1239,1527,1951,2722.3,3532.05,719
"2020-09-14",2,7,23,45,73,109,148,196,250,316,387,469.450000000001,568,676,812,975.25,1185,1463,1877,2653.15,3418.19999999998,756
"2020-09-15",2,7,23,44.8499999999999,74,108,146,190.65,245,306,375,457,553,657,792,960,1168,1459,1885,2651,3437,888
"2020-09-16",2,7,22,42,68,101,139,183,235,294,362,440,530.4,630.35,758,908.25,1107,1391,1803.1,2533.05,3250.05,826
"2020-09-17",2,6,21,40,65,97,133,177,230,288,354,431,523.4,632,762,918,1126.2,1383,1783.1,2523.1,3272.14999999999,1019
"2020-09-18",2,6,20,39,65,96,130,170,216,271,338,412,504,607,743,890,1079,1339.15,1719,2433,3202.05,721
"2020-09-19",2,6,20,40,62,90,126,166,215,270,336,409,497,600,723,863,1060,1313,1715,2410,3104,487
"2020-09-20",2,6,21,41,67,98,132,175,225,280,345,419,507,617,737,888,1087,1357,1712,2381.05,3123.025,682
"2020-09-21",2,6,20,40,66,96,134.7,177,224,278,340,414,502,595,714,857,1042,1292,1655,2281.05,3013.14999999999,708
"2020-09-22",2,6,20,39,63,92.75,129,169,216,272,338.5,415,502.4,604,721,867,1055,1308,1667,2324.15,3050.025,698
"2020-09-23",2,6,19,39,65,94,129,167,219,277,343,417,503,613.35,733,888.25,1074,1319,1681.1,2355.1,3071.025,851
"2020-09-24",2,6,20,40,66,96,134,177,225,279.55,340,411,501,600,729,875,1070,1314,1697.1,2371.05,3119.025,709
"2020-09-25",2,6,20,42,68.8000000000002,100,139,180,226,283,348,423,508,616,737,881.25,1066,1327.15,1721,2390.05,3080,536
"2020-09-26",2,6,20,41,67,97,136,180,232,290.55,357,436,526,630,761.299999999999,915,1114,1374,1764.1,2475.2,3149,87
"2020-09-27",2,7,21,41,68,100,140,184,235,290,359,440,536,643,776,932.25,1130,1390.15,1791,2546,3329.05,1043
"2020-09-28",2,6,22,43,71,105,144,190,241,302,370,445,539,652,784.299999999999,948,1148,1428,1839,2564.05,3325.07499999999,479
"2020-09-29",2,6,22,43,70,104,142,185,239,300,369,456,549,657,789,959,1165.2,1444.15,1869,2572.05,3352.07499999999,841
"2020-09-30",2,7,23,46,75,110,151,198,251,319,391,477,572,687.35,824.299999999999,994,1217,1508.15,1936.1,2681.1,3464.025,842
"2020-10-01",2,8,24,47,75,111,154,202,256,318,391,482,583.4,708,847,1026,1256,1594,2039,2817.05,3708.05,745
"2020-10-02",2,7,24,47,79,115,160,210,266,338,411,502,606,724,875.299999999999,1054,1284,1593,2043.2,2854,3716.05,618
"2020-10-03",2,8,25,50,81,119,164,219,280,349,426,513,618,740,897,1080,1307,1638.15,2092.1,2957.05,3777.05,345
"2020-10-04",2,8,26,50,83,120,162,215,280,353,435,529,636,769,925.299999999999,1121.25,1358.2,1691,2185.1,3040.05,3966.025,666
"2020-10-05",3,8,27,54,87,129,178,234,298,373,456,558,674,803,962,1161,1400,1709.15,2231,3100.05,4049.025,809
"2020-10-06",3,9,27,53,85,125.75,173,230,297,373,452,552,674,813,973.299999999999,1172,1423,1774,2295.1,3204.05,4118,822
"2020-10-07",3,9,27,52.8499999999999,84,123,169,228.65,294,373,463,561,684,824.35,988.299999999999,1186,1449,1808,2362,3300,4325.025,695
"2020-10-08",3,9,30,59,92,136,185,242,310,383.55,480,584,705,853,1034,1263.25,1543.2,1916,2446.1,3411,4418.025,0
"2020-10-09",3,9,30,58,93,136,190,253,325,404,497,609,730,887.35,1066.3,1294,1567,1938.15,2506.1,3533,4519,1850
"2020-10-10",3,10,30,60,96,141,197,260,333,419,514,625.450000000001,753,908,1094,1320.25,1602.2,1972,2544.1,3552.05,4552.19999999998,430
"2020-10-11",3,10,32,61,99,145,202,267,338,425,525,638,765,913,1105.3,1341,1640.2,2029,2583.2,3651.3,4752.025,789
"2020-10-12",3,10,32,64,106,155,215,281,357,445,549,669,808,976,1172,1417.25,1720.2,2149.3,2758.1,3814,4894.025,860
"2020-10-13",3,11,34,69,112,164,228.7,295,376,468,573,690,831.4,1004,1208,1451.25,1757,2177,2776.1,3790,4967.24999999998,933
"2020-10-14",3,11,33,65,107.8,157,216,282,358,451,558,682,833.4,1006,1210,1472,1810,2218,2798.1,3947,5106.025,1039
"2020-10-15",4,11,35,72,115,171,232,305,394,492,600,726,865,1045,1260,1509,1827,2248,2955,4147.05,5375.025,1127
"2020-10-16",3,12,36,71,117,176,245,319,404,506,628.5,761.450000000001,920,1097,1324,1592,1932.2,2390,3045,4259.05,5628.05,889
"2020-10-17",3,12,37,73,122,177,238,312,397.6,500.55,620,757,917,1105,1334.3,1602,1949,2407,3084.2,4314.15,5679.24999999998,599
"2020-10-18",4,13,41,77,126,184,259,342,438,542,666.5,816,970,1164,1395,1673.25,2030.2,2507,3225,4502.05,5865.17499999998,1050
"2020-10-19",3.97500000000002,12,41,80,131,191.75,262,341,433,544,676,815,982.4,1176,1413,1693.25,2077,2587.15,3315,4593.05,5772.05,607
"2020-10-20",4,14,44,88,140,200,277,364,465,580,713.5,870,1040.4,1247,1486.3,1780,2156,2677,3454,4798.3,6246.05,1778
"2020-10-21",4,14,41,82,132,196,268,356,461,576.55,714,872,1047,1268,1512.3,1799,2170.2,2699,3478.4,4851.05,6252.05,1205
"2020-10-22",4,14,42,85,141,202,273.7,359,460,586.55,727,877,1045,1261,1523.3,1824,2226,2769,3573.2,4908.05,6216.07499999999,1403
"2020-10-23",4,13.95,43,88,148,219,305.7,394,505,627.55,771,927,1125.4,1349,1608,1925.25,2332,2863.15,3684.1,5046.44999999999,6579.07499999999,803
"2020-10-24",4,14,45,88,140,209,290,389,501,619,762,942,1135,1372,1641.3,1975,2384,2943,3727.1,5189.1,6714.09999999999,1384
"2020-10-25",4,16,49,97,153.8,224,303,405,515,643,787,961.450000000001,1158,1405,1677,2020,2455,3043.15,3894,5409.2,7014.14999999999,1459
"2020-10-26",4.97500000000002,15,47,91,154,227.75,309.7,409,518,656.55,808,989.450000000001,1191,1436,1729,2076.25,2510,3086.15,3922.1,5426.05,6930.05,1634
"2020-10-27",5,15,47,94,152,225,311,411.65,528,664,819.5,1006,1224,1471,1768.3,2137,2618,3212.15,4081.3,5606.39999999999,7301.19999999998,1503
"2020-10-28",5,16,52,101,164,238,329,426,552,696,857,1039.45,1253,1506.35,1811.3,2196.25,2677.6,3322,4265.2,5946,7656.09999999999,1930
"2020-10-29",6,17,51,104,164,240,331,443,561,697,861.5,1048,1270.4,1529,1849.3,2226.5,2726,3402.3,4359.1,6071.05,7760.12499999999,746
"2020-10-30",5,18,56,106,173,255,348.7,454,578,727.55,895,1085,1302,1554,1856.3,2229.25,2703,3396,4326.1,5974,7810.07499999999,1976
"2020-10-31",6,18,57,113,178,262,363,474,602.6,750,923.5,1115,1343,1609,1949,2362.25,2878.2,3573,4567.1,6203.05,8064.12499999999,1815
"2020-11-01",6,19.95,59,113,183,271,366,477,607,759,936,1138,1384,1677,2009,2399,2926,3631.15,4544.1,6362.1,8228,1742
"2020-11-02",5,17,57,111,181,262,365,486,619,779,967,1183,1421,1703.7,2040,2455,3004.4,3695,4754.4,6708,8598.025,1409
"2020-11-03",6,19,60,118,188,278,374,500,644,802,991,1205,1456,1754,2120,2577,3123.4,3870.3,4974,6788.05,8706.54999999995,2657
"2020-11-04",6,20,60,120,196,292.75,403,520,662,818,1024.5,1249,1492,1794,2159.3,2584,3150,3858,4941,6906.25,8862,2041
"2020-11-05",6,20,64,124,196,290,401,540,698.6,866,1062,1288.45,1566,1881,2260,2725,3285,4067,5151.3,7143.1,9201.27499999998,1607
"2020-11-06",6,22,66,127,204,297,408,529,676,845,1055,1281,1562,1895,2282,2747,3309.2,4122,5271,7273.05,9461.22499999998,2982
"2020-11-07",7,21,66,127,216,311,423,563,721,903,1099.5,1333.45,1599.4,1895.7,2281.3,2750.25,3310,4093.15,5175.1,7250.05,9238.07499999999,1334
"2020-11-08",7,21,65,127.85,207,307.75,421.7,555,716.6,899,1108,1351,1640,1968,2371,2866,3461.2,4302,5488.2,7673.44999999999,9959.22499999998,986
"2020-11-09",6,21,68,133.85,219.8,313,431,563,725,903,1123,1385.45,1680.4,2029.35,2437.6,2903.25,3515.2,4320.15,5559.2,7789.15,10005.3,1526
"2020-11-10",6,21,67,135,217,328,450,598,764,957.55,1181,1441,1758,2127.35,2554,3033.25,3707,4560,5772.1,7994.2,10355.025,2112
"2020-11-11",7,22,74,150,243,345,464,616,788,982.55,1200.5,1462,1752,2121,2546,3063,3725,4614.15,5891.1,8240.1,10515.25,3187
"2020-11-12",7,22,71,141,229,340.75,469.7,623,783,981.55,1216,1485,1784.4,2138.35,2573.3,3109,3758,4671.15,5930.3,8239.25,10468.375,1841
"2020-11-13",8,23,69,140,224,332,454,607,777,981,1209.5,1477,1804,2187,2616,3148.25,3840.2,4728.15,6030.1,8260.05,10746.5749999999,4563
"2020-11-14",7,23,75,150,243,357,495,652.65,829,1037,1285,1561,1867.4,2262,2730,3276.5,3974.8,4904.15,6323.2,8636.05,11394.175,1791
"2020-11-15",6,22,78.9000000000001,154,248,359,500,659,843,1054.55,1308,1592.45,1905.4,2277.35,2756.3,3335,4038.2,5003.45,6400.3,8892.34999999999,11210.1,3248
"2020-11-16",8,25,82,161,258,381,517,683.65,879,1099,1340,1621,1987.4,2379.35,2871,3461,4239.2,5188.15,6550.2,9037.39999999999,11932.1,2962
"2020-11-17",8,25,82,163,265,390,532,691.65,892,1128,1379,1680,2019.4,2435,2916.3,3508.25,4265,5282,6688.1,9319.05,12071.1,3410
"2020-11-18",9,28,85,170,285,409,559,721.65,923,1143,1390.5,1679,2026.4,2457,2924.3,3501,4243,5293.3,6804,9318.2,12045.025,3544
"2020-11-19",8,25,78,158,257,386,538,707,924,1159,1431,1751,2119.4,2549,3042.3,3672.25,4455,5524,7050,9733,12563.2,3484
"2020-11-20",8,27,85,170,275,414,565.7,751,953.6,1182,1464,1774.45,2148,2586,3146.3,3772,4569.4,5613.3,7158.5,9889.05,12747.7249999999,2988
"2020-11-21",9,29,90,179,291,427,578,774,991.6,1243,1503.5,1829,2177,2631.35,3134,3788,4623,5721.15,7273.2,9986.15,12828.375,2689
"2020-11-22",9,29,90,177,292,435,578,764,972,1210,1487,1822,2177,2624,3153.6,3821.25,4666.2,5766.3,7375.6,10152.7,13220.35,3162
"2020-11-23",9,27,85,170,281,426.75,591,776,993,1255,1545.5,1863,2235.4,2711.7,3273,3973.5,4844,5964.3,7578.4,10627.05,13817.025,3371
"2020-11-24",9,29,89,186,309,464,631,826,1047.6,1302.55,1601.5,1926,2342.4,2823,3379.6,4056,4959,6134,7831.2,10795.6,13996.075,0
"2020-11-25",8,29,94,186,298,440,611,802,1037.6,1283,1585.5,1927.45,2343.4,2807,3391.3,4071.25,4940.2,6129,7760.2,10701.05,14066.025,6550
"2020-11-26",9,31,101,203,326,463,628,823,1062,1330,1631.5,1983,2400,2873.35,3453,4121,5005.4,6242.15,7995.1,10858.25,13934.7999999999,2629
"2020-11-27",11,32,99,202,335,488,662,875,1110,1395,1712,2076.45,2494,2987.05,3573,4269,5191,6391.15,8147,11332.3,14464.375,3186
"2020-11-28",10,34,102,195,317,471,654,878,1111.6,1389,1713.5,2063.45,2504.8,2990.7,3562.3,4316,5307,6580.15,8360.5,11579.05,14986.175,3149
"2020-11-29",10,31,104.9,198,321,479,669.7,867,1110,1377,1691.5,2058.45,2475.4,2968.35,3574.6,4340.25,5289.2,6472.6,8339.1,11605,15249.175,3508
"2020-11-30",11,31,100,203,326.8,478,664,878,1123,1385,1698.5,2095.45,2541,3090.35,3724.3,4472,5435,6628.3,8375.5,11584.65,15063.025,3819
"2020-12-01",10,31,100,191,323.8,484.75,674.7,885,1125,1408,1715.5,2094,2542.4,3072,3698.6,4466,5415,6782.15,8710.1,11991.2,15613.2999999999,4090
"2020-12-02",11,35,116,226,363.8,516.75,705,928,1190,1494.55,1835,2217,2663,3196.7,3812.3,4583,5522.4,6817.75,8736.3,12283.3,15915.45,4247
"2020-12-03",11,37,118,231.85,371,530,734.4,958,1210,1510.55,1874,2295,2756.8,3295.35,3946.3,4745.5,5743,7065.3,9110.8,12483.4,16149.2,3983
"2020-12-04",11,35,115,225,357,514.75,700.7,923.65,1185,1481.55,1832,2250,2740,3294.7,3974.6,4761.75,5800.6,7208.3,9382.2,12937.25,16392.35,3435
"2020-12-05",12,40,116,230,376.8,560,773,1006,1289.6,1593,1935.5,2331,2791,3369.35,4047.3,4881.25,5987.2,7362,9344.1,13134.25,17063.7749999999,3225
"2020-12-06",11,39,124,237,378.8,556,776,1019,1316.6,1625,1994.5,2410,2890,3445,4119.6,4935.5,5979.2,7324,9299.1,12902.3,16732.1,3363
"2020-12-07",12,35,111,221,358,535,737,966,1245,1553.1,1924,2332.9,2797,3363,4078,4865.5,6019.2,7493.15,9610,13539.45,17438.225,3601
"2020-12-08",11,34,112,228.85,379.8,551.75,768.7,1010,1286.6,1614,1981.5,2389.45,2871.8,3476.7,4192,5047.25,6126.4,7479,9710.1,13592,17496.075,3989
"2020-12-09",13,38,114,231,372,543,745,975.65,1243.6,1560,1938,2365,2850,3456.35,4154.6,5007,6168.2,7674.15,9718.1,13626.4,17543.3249999999,3832
"2020-12-10",13,38,123,237.85,384,567,775,1032.65,1301,1626,2029.5,2465,2962,3533,4186.6,5102.75,6227.80000000001,7683.3,9933.1,13847.15,18037.1,3532
"2020-12-11",13,42,128,247,397,585.75,806,1065,1364,1695,2069,2523,3028,3629.35,4364.3,5234.25,6422.2,7878.15,10069.1,14093.3,18143.05,3593
"2020-12-12",12,37,124,238,385,560,763.7,1000.65,1279,1618,2015,2470.9,2952.4,3575,4286.3,5203.5,6354.4,7918.6,10153.1,14088.05,18194.225,3326
"2020-12-13",12,38,116,236,385,569,799.7,1052,1355,1686.55,2085.5,2533,3050,3696,4445,5355,6544.2,8100.6,10350.9,14445.15,18876.375,3295
"2020-12-14",14,44,138,264,421,609,831.7,1088.65,1398,1732.1,2136,2603,3132,3800,4510,5366.75,6582.4,8176.15,10443.2,14628.35,18932.1,4202
"2020-12-15",13,40,129,254.85,422,610,827.4,1085.65,1389,1730,2145,2611,3136.4,3721.4,4467,5408,6539.2,8013.15,10397.3,14197.2,18722.225,4481
"2020-12-16",14,44,132,261,429,623,853,1115,1412.6,1781,2203.5,2668,3202,3827.35,4604,5606.25,6821.2,8394.45,10812.4,14911.25,19244.125,4591
"2020-12-17",13,39.95,129,250,406.8,605.75,827,1077,1411.6,1779,2197,2657,3221,3898,4671,5600,6811.6,8422.3,10815.7,14900.65,19489.4,4017
"2020-12-18",14,44,134.9,264,423.8,627,861.7,1141,1457.6,1808,2215,2686,3218.4,3863.35,4627.3,5577.25,6824.2,8481.3,10870.1,14972.3,19535.325,3316
"2020-12-19",14.975,44,135,269,439,648,884.7,1172,1496,1847.55,2288.5,2769,3333.6,4012.35,4827,5888,7096.4,8794.3,11130.1,15435.1,20039.7499999998,3853
"2020-12-20",15,47,142,274,434,639.75,883,1167,1472,1842,2274,2754,3327.4,3981.7,4750.6,5723.25,6994.2,8676.3,11204.5,15391.05,19924.7249999999,3633
"2020-12-21",12,41,127,258,421.8,613,871,1163,1472,1838,2249.5,2735.9,3313.4,3957.7,4762.6,5773.25,7050.4,8609,11043,15295.45,19681.375,3621
"2020-12-22",14,44,139,271,431,645,905,1204,1527,1914,2331,2847,3424,4106.05,4863.9,5875,7130.2,8856.6,11319.2,15746,20449.475,4049
"2020-12-23",14,44,138,281,455,669,905,1174,1503,1887,2321.5,2794,3356.4,4037.35,4827.3,5863.25,7150.2,8876.15,11190.4,15689.2,19918.7749999999,0
"2020-12-24",17,48,144,276.85,450,658,907,1190,1499,1881,2331,2815,3421.4,4094.05,4920.3,5936.25,7247.4,8886.45,11404.6,15821.45,20514.325,5570
"2020-12-25",13,45,136,274.85,447,659,877,1152,1496.6,1880,2323,2831,3424.2,4136.35,4952.3,5924,7209,8926.15,11387.5,15879.05,20273.325,2757
"2020-12-26",13,45,141,278,455,660,909,1206,1558,1905,2351,2856.45,3455,4122,4923.3,5966.25,7247.60000000001,9103.15,11608.5,16191.5,20817.15,3266
"2020-12-27",15,46,142,278.85,447,653,913.7,1223,1552,1930,2377.5,2907.45,3516,4248,5075.5,6121.25,7481.4,9221.15,11770.2,16323.1,20948.3,4452
"2020-12-28",12,42,135,264.85,427,636,887.7,1182,1511.6,1904,2340.5,2841.45,3428,4100.35,4966,5969.25,7279.2,9039.15,11473.2,15869.4,20886.55,4713
"2020-12-29",14,47.95,144.9,287,464,673.75,922.7,1223,1568,1969.55,2416.5,2943.9,3557.4,4303.35,5153,6197.25,7517.2,9310.45,11821.9,16604.4,21498.05,5500
"2020-12-30",16,48,145,287.85,460,680,939,1232,1579.6,1975.1,2427,2923.9,3525,4212,5045.3,6030,7310,8920.15,11618.2,16028.2,20930.025,0
"2020-12-31",15,44,141.9,288,459,667,946,1240.65,1556,1937.55,2402,2915,3504.4,4159.35,5029.3,6052,7337,9177.15,11924.2,16232.2,20867.7999999999,9896
"2021-01-01",14,48.95,160,309,496,707,970,1266,1612.6,2003,2448.5,2966,3560,4314.35,5193.9,6287,7617.4,9439.9,12081,16736.1,21269.275,2954
"2021-01-02",16,46,146.9,289,468,685,938,1236,1567,1972,2410.5,2946,3554.4,4281.35,5158.6,6221,7545.4,9265.15,11923.1,16342.2,21538.075,4304
"2021-01-03",14,47,146,292,479,701,958.7,1251,1583,1969.1,2419,2947.45,3564.4,4276,5147.3,6231.25,7517.4,9230.35,11768.5,16499.25,21299.1,5104
"2021-01-04",15,48,149,288.85,472,681.75,937.7,1235,1562.2,1965,2444.5,2950.45,3566.4,4292,5132.3,6267.5,7577.4,9337.6,11993.3,16675.55,21651.125,5384
"2021-01-05",14,45.95,146.9,283,464,679,923.7,1214.65,1568,1969,2418.5,2946.45,3573.4,4247,5130,6143.25,7442.8,9161,11816.3,16352.05,21130.4,6153
"2021-01-06",14,47,143,286,459,685,939,1248,1597,1992.55,2487,3027.8,3654.4,4379,5215.6,6295.25,7574.6,9356.15,12010.8,16730.15,21426.7249999999,6389
"2021-01-07",13,45,141,278,451,677,923,1245.65,1618,2025,2495.5,3016.45,3623.4,4399,5256,6326.5,7728,9470.3,11920.6,16710.65,21636.45,4920
"2021-01-08",16,51,154,300,477.8,698,954,1261,1607,2012,2495.5,3034,3644,4368.35,5245,6341.5,7729.2,9515.45,12133,16864.55,21663.075,4212
"2021-01-09",14,46,143,292,478,702,954,1218,1552.6,1939,2422.5,2930,3557.4,4308,5149.3,6281.25,7641.4,9407,12031.1,16533.8,21434.45,4078
"2021-01-10",16,51,146,292,475,688,944,1257,1606.6,2002,2452,2963,3583,4283.4,5122.3,6236.25,7595.2,9320.45,11915.4,16694.25,21311.025,4822
"2021-01-11",16,46,142,283,458.8,665,928,1223,1569,1962,2417.5,2946.45,3565,4286,5177.2,6267.75,7614.2,9425.15,12038.3,17114.75,22243.4,4337
"2021-01-12",16,48,140,276.85,454,668,921.7,1210.65,1556.6,1920,2352,2916,3525,4222.05,5101.3,6137.25,7455.6,9264.45,11734,16342.1,21270.5999999999,4761
"2021-01-13",14,47.95,147,287,465,677,916,1211,1554.6,1962,2404,2935,3570.8,4279,5144,6147.25,7377.4,9157,11695,16308.75,20930.6249999999,5284
"2021-01-14",13,45,148,282,461,678.75,934,1229,1566,1970.55,2430.5,2937,3535.4,4239.35,5044.3,6047.25,7368.4,9135.6,11687.3,16309,20952.375,4204
"2021-01-15",14,44,142,282,452,660.75,903.7,1192.65,1538.2,1928.55,2398.5,2908.9,3522,4259,5071.3,6069.5,7442.2,9278.3,11749.1,16190.3,20920.175,4375
"2021-01-16",14,42,134,270,449,659,906,1188,1509,1892.55,2350,2865.45,3485,4194,5046.6,6042.25,7336,9036.45,11648.9,16033.8,20800.6749999999,3277
"2021-01-17",13,43,144,283,462,678,953.7,1243.65,1584.6,1981,2431,2927.45,3504,4183.35,5006.3,6060,7398.4,9017.15,11509.2,16063.25,20708.175,3344
"2021-01-18",14,46,143,282,453,663,915,1230.65,1583.6,1960,2417,2913,3490,4190.35,4986.3,6015.25,7296.60000000001,9046.3,11507.5,16032,20725.5,4084
"2021-01-19",14,45,142,281,455,667,925.7,1214,1533,1906,2352,2840.45,3411,4072.35,4852,5833.25,7170.4,8873.35,11426.5,15871.25,20812.0249999998,4078
"2021-01-20",13,43,141.9,275.85,445.8,638,889,1165,1475,1860,2303.5,2816.9,3403,4103.05,4932,5921.25,7157.6,8906.15,11357.1,15471,20150.425,4286
"2021-01-21",14,43,142,272.85,449,653,878,1168.65,1506.6,1883,2319,2792,3383.2,4038.35,4847,5806.25,7053.2,8828.3,11304.4,15713.2,20649.15,4295
"2021-01-22",15,47,141,264.85,423,626,870.7,1160,1490.6,1857,2299.5,2802,3375.4,4039,4833,5776.25,7020.2,8604.3,11012.1,15551.15,20029.225,3312
"2021-01-23",13,42.95,134,263,433,636,860,1147.65,1496.6,1870,2286.5,2772,3317.4,4010,4786,5774.25,7031.4,8696.15,11076,15370.05,19782.15,3598
"2021-01-24",13,40,131,257,416,607,828.7,1096,1409,1749,2167.5,2629,3182,3862,4688.3,5596.25,6854,8424,10763,15023.05,19544.225,3272
"2021-01-25",14,44,132,257,422,621,873,1164,1470.6,1838.55,2273,2759.45,3352,3995.35,4742.3,5698.25,6906,8558.45,10994.1,15270.35,19492.25,2542
"2021-01-26",13,40,131,258,426,625.75,869,1135,1463.6,1831.55,2233,2704,3266.4,3922.35,4737.3,5721.25,7017.2,8645.3,10990.1,15251.5,19818.075,3873
"2021-01-27",15,43,134,261,416,613,845.7,1096.65,1422,1797.55,2218,2644.45,3237,3887.7,4688.6,5624.5,6800.4,8288,10641.1,14761.1,19159.2,3875
"2021-01-28",15.975,47,134,258,418,606,823,1082,1375,1717,2119,2587,3181,3817,4568.3,5494.75,6688,8241.15,10504,14496.85,18226.275,5029
"2021-01-29",12,37,125,251,409,603,829,1099.65,1388.6,1740,2163,2648.9,3219.4,3893.35,4620,5588.5,6820,8394.45,10939.2,15120,19584.075,2811
"2021-01-30",12,39,130,263.85,421,610,839,1091,1389.2,1724.55,2153,2635.45,3173,3829,4575.9,5540.25,6644.2,8192.45,10438.3,14289.05,18262.225,2468
"2021-01-31",14,43,132,256,404.8,591,815,1065.65,1376.6,1709,2109,2576,3109,3712.7,4458,5405,6658,8254.3,10556.2,14780.45,18976.7249999999,3480
"2021-02-01",13,41,131,252,406,591,806.7,1053,1348,1679,2066.5,2532.45,3056.8,3685,4415.3,5387.75,6491.4,8050,10279.2,14313.55,18669.7749999999,2269
"2021-02-02",12,39,123,240,397,577,791,1033,1321.6,1669,2070,2530.45,3075,3668.35,4402.3,5330,6510.8,8007.45,10213.2,13989.05,18253.075,2919
"2021-02-03",13,40,127,249,406.8,582,795,1049,1360,1694,2071.5,2517.45,3032.4,3621,4317.3,5184,6329.4,7663.3,9846.9,13636,17703.425,4781
"2021-02-04",12,38,124.9,244,392.8,567.75,766,1008.65,1286,1610,1986.5,2420.45,2936,3566.35,4296.6,5191,6339.4,7852.3,10065.3,13738.05,17586.075,2798
"2021-02-05",13,41,122,236,386,567,787,1038,1327,1648,2037,2447,2929,3510,4231,5148.75,6277.4,7741.3,9934.1,13908.8,17640.1749999999,2632
"2021-02-06",13,38,121,233,380,561,761,1022,1292,1589,1953.5,2370,2840,3387,4047.6,4863,5935.8,7322.3,9403.4,13117.2,17227.325,2580
"2021-02-07",15,43.95,131,244,380,560,762,982.65,1266,1584.1,1931,2350,2849.4,3412.35,4084.3,4922.5,6006.2,7439.3,9463.1,13250.1,17263.3,2589
"2021-02-08",11,36,119,240,381.8,542.75,744,974.65,1253,1569,1934,2335,2793.4,3348.35,4035.3,4891.75,5902,7296.15,9173.3,12702.35,16237.475,2992
"2021-02-09",11,37,116,229,365,541.75,751.7,993.65,1253,1557.55,1906,2311,2765,3289,3935.6,4802,5884.2,7152.15,9284.2,12776.3,17043.275,3168
"2021-02-10",10,35,114,225,358,525,727,955.65,1225.6,1531,1863.5,2262,2730,3307.35,3933.3,4712.5,5748.2,7051,9138.1,12860.15,16683.025,2941
"2021-02-11",10,31,106,212,346,507,692,904.65,1165,1472,1833.5,2245,2719.8,3281,3925,4734.5,5690,7026,9037.3,12497.05,16475.375,3192
"2021-02-12",10,34,107,214,342,502.75,696,908,1159,1459,1791,2179,2643,3157.05,3797.6,4516.25,5529.2,6879,8828.2,12357.25,15717.125,2176
"2021-02-13",10.975,35,110,213,341.8,498,682,890,1128,1416.55,1746.5,2157.45,2581.4,3106,3726,4545,5487,6823.15,8787.3,12276.05,15812.025,1391
"2021-02-14",11,34,109,210.85,343.8,499,682,904,1165,1442,1766,2148.45,2604,3144.35,3749.6,4538.25,5525.2,6768.05,8728.4,12020.1,15646.05,2434
"2021-02-15",10,35,105,199,324,477,658,859.65,1117,1404,1713.5,2083,2540,3076,3657.3,4408.25,5335,6634.3,8531.2,11983.2,15417.475,2815
"2021-02-16",10,33,105,205,326,474,652,857,1087.6,1353.55,1669,2032,2463.4,2962.35,3564,4289,5194.2,6364,8050.4,11235.5,14617.6749999999,1833
"2021-02-17",9,28,100,194,318,469.75,636,853,1087,1367,1687,2028,2456,2981,3579.3,4344,5254,6458.45,8073.2,11395.2,14798.15,2810
"2021-02-18",9,30,95,195,311,455,639,836.65,1078,1351.55,1670,2019.45,2422,2926,3480.6,4235.25,5106.2,6303.6,8165,11232.1,14398.125,2999
"2021-02-19",11,33,96,190,303,444,616.7,813,1038,1294,1597,1966.45,2376.4,2818,3386,4100.5,4996.2,6190.3,7798.6,10771.2,13949.8249999999,2164
"2021-02-20",10,29,93.9000000000001,188,304.8,431,595,790,1015,1269,1575.5,1929,2324,2805.35,3349,3999,4857,6065,7762.2,10712.15,13894.6249999999,1808
"2021-02-21",10,31,93,184.85,295,434,591,766,981.6,1221,1499,1836,2222,2669,3229.3,3899.25,4783,5832.45,7457.2,10346.55,13358.15,2250
"2021-02-22",10,31,95,180,288,427,593,772,978,1230,1502,1827,2223,2667,3194,3888,4681,5800.3,7478.1,10242.05,13254.1249999999,2669
"2021-02-23",8,26,87,172.85,278,411,557,741.65,943,1175,1446.5,1764,2165.4,2605.35,3098,3739.25,4587.2,5621,7190.1,10189.25,13206.7249999999,2714
"2021-02-24",8.97500000000002,26,83,175,280,403,556,723,925,1158,1421,1742,2085,2514,3013.3,3593,4388,5399.3,6924.1,9823.1,12553.225,2469
"2021-02-25",9,27,89,174,285,413,570,742,946,1159,1437,1751,2094,2500,2991.3,3573.25,4323,5366.15,6882.1,9609.05,12463,2207
"2021-02-26",8,25,85,165,265,388,535.7,704,901,1134.55,1389,1686.45,2024,2441.35,2903,3477.5,4276.6,5286.15,6773,9501.15,12219,2670
"2021-02-27",8,25,77,154.85,255,367,501,661,846,1050,1295,1562.45,1909,2334,2821.5,3409.25,4178,5155,6596.3,9388.05,12137.6249999999,593
"2021-02-28",9,26,80,159,252,371,510,675,855,1065.55,1309,1580.45,1915.4,2324,2817.3,3394.75,4137.2,5106.45,6520.2,8983.05,11607.5,3211
"2021-03-01",7,23,72,145,233,343.75,479,634,810,1036,1272,1553,1872.4,2234.35,2686.6,3219,3878.2,4791.15,6119,8674.15,11173.025,2951
"2021-03-02",7,24,76,153,240.8,356,491,646.65,813,1021,1250,1503,1805,2174,2628.9,3169,3847.2,4813,6225.2,8660.34999999999,11175.025,2590
"2021-03-03",7,24,73,143,236,344,473,625,808,1011,1234,1515,1844.4,2201.35,2652.3,3173,3848.4,4780.45,6099.4,8484.1,10939.325,2754
"2021-03-04",7,23,72,141,230,341,467,612.65,782,983.55,1212.5,1482,1793,2157,2584.3,3110,3775.2,4652.3,5959.1,8234.34999999999,10740.025,1896
"2021-03-05",7,21,68,138,226.8,332,459,608,774.6,974.55,1204,1458.45,1745.4,2089,2498,3012,3693.2,4624.15,5905.1,8244.3,10879.5749999999,1987
"2021-03-06",7,23,69,133,212,312,430,565,724.6,920.55,1144.5,1400,1683,2034.35,2460,3009.5,3695.2,4598.45,5871,8145.05,10567.025,1573
"2021-03-07",7,22,70,141,229,335.75,458,605,764,951.55,1170.5,1421,1706.4,2035.35,2445,2941.25,3577.2,4419.15,5732.2,7963.05,10418.2,1900
"2021-03-08",6.97500000000002,21,67,132,213,321,441,578,737.6,920,1132,1378.45,1660.4,1995,2411.5,2872,3515,4317.45,5534.2,7711.25,9982.24999999998,2132
"2021-03-09",7,22,71,141,225,327.75,446,586,740,916,1115,1347.45,1622,1960.35,2365,2875.25,3448,4310.15,5514.3,7800.2,10305.125,2288
"2021-03-10",6,22,72,137,222.8,322.75,453,592,758,943,1156,1402,1692,2046,2469,2953,3562,4407.15,5658.3,7919.05,10265.1,2291
"2021-03-11",6.97500000000002,20,63,126,208,305,419,556.65,713,897,1111,1354,1635.4,1978,2374.3,2851.25,3494.2,4329.3,5542.1,7713.15,9970.025,2381
"2021-03-12",7,21,68,135.85,222,319,444,580,747,932,1150,1391,1685,2033,2470,2993,3637,4491.15,5829.6,8043,10407.25,1607
"2021-03-13",6.97500000000002,21,66,133,217,321,442,592,749,927,1139,1374.9,1661,2004.35,2432,2937.25,3561,4372.3,5598.1,7814.34999999999,10359.5999999999,1311
"2021-03-14",7,21,71,140,226,327,444.7,590,751,940,1163,1415.45,1687,2016,2426.3,2930,3538.4,4429.3,5689.1,7646.15,10050.075,2189
"2021-03-15",6.97500000000002,21,66,130,215,319,440,583,747.6,926,1131,1373,1675.4,2034,2440,2937.25,3545.4,4396,5597.7,7848.2,10330.025,1938
"2021-03-16",6.97500000000002,21,67,136,222,326,448,581.65,745,929,1151.5,1416,1709,2039.35,2438,2939.25,3567,4407.45,5599,7989.25,10426.325,2202
"2021-03-17",7,21,68,133,217,320,446,584,738,925,1136.5,1396,1696.4,2054.35,2436,2915,3571.4,4431.45,5626.2,7883.3,10274.125,2319
"2021-03-18",6,20,66.9000000000001,131.85,212,318,441,579,737,927,1144.5,1380,1673,2009.35,2419,2916.25,3559,4401.15,5647.1,7991.25,10174,2305
"2021-03-19",7,23,70,136,221,322,443,587,750,941,1167,1418,1716,2057,2498,2992,3634.2,4522.45,5830.1,8209.1,10554.6249999999,1740
"2021-03-20",7,22,69,139,225.8,328,449,590,764.6,956,1174,1441.45,1733,2101,2496,3007.25,3692.2,4495,5761.1,8080.59999999999,10360.075,1316
"2021-03-21",8,24,74,141,234,346,469,614,779,975.1,1192,1456,1773,2119,2567.6,3057.25,3687,4539,5831.1,8280.15,10864.3,2266
"2021-03-22",6,21,68,140,227,333,458,602,764.6,962,1198,1467,1768,2115,2511,3068.25,3720.2,4647.15,5958.1,8149.15,10716.2,2045
"2021-03-23",7,23,73,139,227,333,458,601,768,963,1197.5,1454,1741,2074.35,2540,3056.25,3724.4,4643.45,5997.1,8349.15,10584.15,2415
"2021-03-24",7,25,73,144.85,239,353,482.7,627,800,1002.55,1229,1500,1805,2164,2612,3139.25,3797.2,4682.3,6003.1,8221.44999999999,10855.15,2461
"2021-03-25",7.97500000000002,24,75,146,235,346.75,472,627.65,801,992.55,1213,1481,1777.4,2125.35,2548,3086.25,3792.2,4687.45,5969,8370,11218.225,2463
"2021-03-26",7,21,72,142,237,341,465,611.65,786,985,1197.5,1467.45,1778,2148.7,2588,3132,3808.6,4686.3,6068.1,8365.05,10893.5999999999,2137
"2021-03-27",7,25,78,150,242,354,494,647,817,1028.55,1260,1523,1845,2224,2670.3,3213.25,3910.2,4895.45,6237.2,8733,11184.4,1564
"2021-03-28",7,23,74,145,233,343,475,631.65,815,1021,1258.5,1528,1842.4,2215,2652.6,3200,3856,4765.15,6084.7,8566.1,11086.125,2333
"2021-03-29",7,23,71,140,234,348.75,483,642,821.6,1018,1258,1522,1808,2193,2618.3,3157,3831.2,4771.3,6196.1,8695.39999999999,11321,2042
"2021-03-30",8,25,77,151,241.8,351,480,642,817,1024.55,1267,1538,1854.4,2227,2703,3238,3905.2,4783.15,6050.2,8404.05,10951.125,2984
"2021-03-31",8,23,74,151,240,345,477,624,811,1015,1253.5,1511,1813.4,2185.35,2630.3,3171.25,3893,4764.15,6043.2,8381.1,10889.5,2656
"2021-04-01",9,25,79,153,243,353,486,645,830,1037.55,1287,1558.45,1888,2276,2712,3247,3936.2,4856,6239,8749,11742.275,2628
"2021-04-02",8,24.95,76,151.85,252,362,495,650,837,1051.55,1291,1566,1870.4,2237.35,2684.3,3246.25,3935,4816.15,6261.4,8628.05,11061.4,2173
"2021-04-03",8,24,75,145,245,355,488,648,818,1024,1260,1524,1838,2181.35,2632,3150.5,3898.4,4842.15,6180,8654.15,11368.9749999999,1499
"2021-04-04",8,24,77,151.85,245,355,493,647,827,1031,1256,1538,1868,2241,2713.3,3243.25,3945.4,4857.45,6207.1,8544.1,10868.4,2570
"2021-04-05",8,25,77,151,241.8,357,495.7,650,830,1031,1253,1509,1828,2232.35,2671.3,3208,3953.4,4889,6254,8676.1,11188.075,2380
"2021-04-06",7,24,76,150,243,353,488,639,814,1023,1258,1522,1852.4,2224.35,2651,3171,3853.2,4772.15,6070,8450.15,10636.175,3376
"2021-04-07",7,24,76,144,235,343,478.7,623,799,1004,1245,1514,1836.4,2207.35,2650,3170,3863,4792.15,6103.1,8354.2,10604.275,2955
"2021-04-08",7,23.95,75,147,241,355,489,644,818.6,1021.55,1246.5,1515,1819,2197.35,2612,3156.25,3828.2,4740.75,6062.4,8538.05,10928.075,2831
"2021-04-09",8,25,78,148,240,355,479,636,817,1026,1267.5,1534.45,1846,2214,2660.3,3205.5,3919.6,4854.3,6128,8557,11059.25,2217
"2021-04-10",7,23,69,142,231,347,486,642,813.6,1021,1250,1513,1824,2194,2645,3180.25,3849.2,4755.3,6101.1,8429.05,10919.325,690
"2021-04-11",7,22,75,152,245,360,492,648.65,811,1010,1266,1540,1862,2223.35,2647.3,3172.5,3833.2,4757.15,6073.4,8515.05,10940.075,3983
"2021-04-12",8,25,72,141,228,337,464,613,788.6,980,1211,1476,1773,2150,2569,3123,3764,4609.15,6042.1,8279.05,10780.375,2455
"2021-04-13",8,24,73,141,229,341,467.7,610,785,997,1222,1479,1791.4,2189,2633.3,3140.25,3811.2,4693.15,6012.1,8359.05,10577.125,2565
"2021-04-14",8,24,74,143,231,341,471.7,624,790,990,1214,1487,1786.4,2151,2585.3,3141.5,3819.4,4647.3,5914.2,8181.2,10682.325,2911
"2021-04-15",6,21,70,136,225,336,464.7,604,771.6,966,1209,1484,1803.4,2154,2575.3,3093.25,3750.4,4618.15,5933.1,8377.2,10479.225,2605
"2021-04-16",7,22,72,142,235,339,465,610,773,966.55,1185,1437,1740,2088,2513,3017,3671.4,4544.15,5798.1,8095.05,10512.075,3015
"2021-04-17",7,23.95,75,143,227,333,444,589,756,953,1163,1421,1717,2065,2490,3008,3676,4531.3,5787.6,7899.3,10340.1,1730
"2021-04-18",7,22,74,141,225.8,331,454,601,773,964.55,1190,1431,1715,2045.35,2456,2974.25,3610,4415,5669.4,7961.2,10507.4,2194
"2021-04-19",6,23,69,138,224,331.75,453,592,762,945,1155,1400.45,1701,2053,2449,2931,3615.4,4507.45,5830.1,8300.25,10662.6999999999,2166
"2021-04-20",7,23,70,139,227,333,463,600,769.6,952,1154,1391,1704,2041,2456,2957,3566,4395,5603.1,7872.3,10281.075,2428
"2021-04-21",6,21,65,128,209,311,432.7,569,722,896,1111,1348.45,1632,1953,2339.3,2813.25,3478.6,4294.3,5579.1,7784.25,10202.05,2063
"2021-04-22",7,20,66,127,202,303.75,415,551,717,912,1111,1355,1634,1981,2387,2858,3451.2,4315.15,5540.3,7588,9842.17499999998,2912
"2021-04-23",6,21,67,127,209,309,426.7,565,718,901,1115,1352,1604,1922,2320,2796,3425.2,4255.3,5422.1,7459.15,9671.12499999999,1753
"2021-04-24",6.97500000000002,20,67,132,215,317,428,564,721,902,1117,1357.45,1635.4,1971,2340.3,2802,3364.4,4174,5310.2,7432.2,9504.12499999999,1414
"2021-04-25",6,20,64,124.85,210,307.75,419,546,695,865,1084,1317,1582,1904,2288,2798,3404,4202,5333.4,7400.74999999999,9459.025,1982
"2021-04-26",7,21,63.9000000000001,122,201,293,405,530,678,836,1042,1263,1531,1833.35,2198,2646.25,3221.2,3971.15,5124.5,7181.1,9381.22499999998,1773
"2021-04-27",5,19,58,119,192,280,386,512,662.6,823.55,1030,1243,1496.4,1806,2152,2596.25,3144.4,3921.15,4988.2,6879.1,8813.22499999998,2055
"2021-04-28",5,18,58,114,186,272,378,504,650,821,1021,1239.45,1484,1793,2147,2598,3150.2,3899.45,4988.2,6929.1,8896.09999999999,1864
"2021-04-29",7,20,62,118,194,285.75,394.7,516,655,833,1017,1224.45,1465,1786,2150.3,2580.5,3114,3836.15,4883.1,6832.05,8930.05,2106
"2021-04-30",6,19,63,123,195,284.75,391,513,642.6,798,985,1187.45,1430,1697,2039,2443,2968.2,3668,4689,6475.05,8394.05,1499
"2021-05-01",6,17,56,112,186.8,270,367,480,625,778,953,1156,1401.4,1685,2005,2416.25,2923,3615.15,4600.2,6304,8200.22499999998,1363
"2021-05-02",5,17,52,105,173,253.75,347,461,587,733,906,1099,1336,1606,1921.3,2319,2824,3454,4432,6132.05,7961.07499999999,1362
"2021-05-03",5,16,52,101,165,244,339,444,568,710,872,1070,1295.4,1565.35,1889.3,2253,2757,3405.45,4352.2,6049.1,7707.12499999999,1485
"2021-05-04",5,16,51,99,158,231,318,420,537,675,838,1024,1229,1471.35,1786,2164,2647,3276,4162.1,5773.34999999999,7490.27499999998,1466
"2021-05-05",4,14,46.9000000000001,97,156,231,322,423,538,680,840.5,1023,1236,1498,1780,2132,2601,3235,4093.1,5700,7353,1403
"2021-05-06",4,16,48,98,157,230,316,416,530.6,666,820,1010,1217,1453,1721,2086,2531.2,3182.15,4024.2,5659.15,7340.14999999999,1412
"2021-05-07",4,14,48,92,155,228,309.7,409,525,654,799,969,1165,1407,1687,2038.25,2476.4,3074.15,3913,5443.1,7111.05,1204
"2021-05-08",4,14,46,91,149,216,291,380,490,619,762.5,934,1122,1352.35,1609.3,1914,2349,2939,3828.1,5314.05,6809.07499999999,885
"2021-05-09",4,12,41,81.8499999999999,134,200,276,368,469,595,729,884,1057,1263.35,1521.3,1819,2224.2,2787,3577,5044.1,6450.025,1183
"2021-05-10",4,13,41.9000000000001,82,132,195,270,358,459,576,707,861,1034,1245.35,1502,1815,2201,2712,3504.1,4931.15,6277.17499999998,1033
"2021-05-11",4,13,42,84,136,195,268,352,450,569,701.5,845,1017,1223,1463.3,1766,2148,2648.15,3388.1,4697,6137.025,1413
"2021-05-12",3,13,40,81,130,192,262,343,435,545,660,795,962.4,1151,1393.3,1676.25,2031.2,2512.15,3228,4446,5824.19999999998,1243
"2021-05-13",4,13,39,77,125,183,252,327,416,517,637,772,935,1122.35,1341,1613,1963.2,2435.3,3138.1,4368.05,5726.24999999998,1149
"2021-05-14",4,12,37,74.8499999999999,118,177,240,314,404,508,618,747,899,1088,1310,1572,1909,2359.15,3006,4174.05,5363.32499999997,955
"2021-05-15",3,11,35,70,114,171,233,302,382.6,477.55,589,722,866,1040,1241,1499.25,1832,2274,2908.1,4029,5202.05,767
"2021-05-16",3,10.95,35,68,107.8,159,218,289,366,456,561,692,832,1001,1208,1450.25,1753,2162,2804,3896,4937.025,890
"2021-05-17",3,10,32,66,108,157,215,285,363,451,559,681,813,976,1156,1400,1681,2075.15,2672,3752.15,4748.05,884
"2021-05-18",3,10,31,61,99,146,204,268,336,418,520,632,758.4,909,1097,1324.25,1623,2009,2553.1,3646,4704.025,946
"2021-05-19",3,9,30,59,96,140,191,250,321,404.55,495.5,602.450000000001,732,885,1059.3,1270,1527,1865,2390,3340,4252,705
"2021-05-20",2,8,27,55,87,127,175,234,300,380,467,567.450000000001,686,819.35,991,1196,1457,1797.15,2327,3288.05,4351.025,1275
"2021-05-21",3,8,27,52.8499999999999,86,125,173,229,293,367,448,551,662,793.35,953,1153,1392,1718,2201.1,3069.05,3983,816
"2021-05-22",2,8,24,50,80,118,161,213,270,341,422,518,628,750,908,1102.25,1357,1661.15,2132.1,2937.25,3869.025,612
"2021-05-23",2,7,24,48,76,111,153,203,261,328,404,488,595,710.35,854,1033,1259,1562,2031.1,2838.05,3693.07499999999,475
"2021-05-24",2,6,21,43,70,106,148,194,248,309,385,469.450000000001,568,688,821.299999999999,980,1207,1491.15,1921.1,2678.1,3479.025,644
"2021-05-25",2,7,23,44,71,104,139,183,236.6,297,369,452,544,659,790,946,1156.2,1415.15,1846.2,2560.05,3284.09999999999,787
"2021-05-26",2,6,21,41,68,98,137,181,230,286,355,429,522,618,747,909.25,1108,1364,1745,2441,3140.025,719
"2021-05-27",2,6,19,38,61,90,124,166,210,264,322,394,475,572,686,834,1019,1262,1627,2321,3054.09999999999,0
"2021-05-28",1,5,17,34,55,82,117,156,202,254,313,383,462,557,674,807.25,969,1205,1565.1,2187,2799.05,0
"2021-05-29",2,6,18,35.8499999999999,57,85,115.7,151,193,238,293,361,437,527,635,769,938,1159.15,1485,2052.15,2621.07499999999,0
"2021-05-30",1,5,15,32,51,75,104,139,177,222,275.5,338,403,488.35,584,700,850.200000000001,1061,1363,1907.25,2510.07499999999,1963
"2021-05-31",1,4,13.9000000000001,28,47,69,95,125.65,161,205,253,311,377,456,552,666,807,994,1265.1,1795.05,2340.09999999999,332
"2021-06-01",1,4,14,28,45,67,93,123,157,198,246,299,365,436,520,632,783,968,1218,1697,2216.09999999999,595
"2021-06-02",1,4,13,26,42,62,88,116,148,184,229,280,340,409,492,596,725,911,1164,1591.05,2065,-11532
"2021-06-03",1,4,13,26,41,59,83,109,139,176,217,267,320,386,464,556,677,843,1071,1505,1987.05,0
"2021-06-04",1,3,12,25,40,59,80,105,136,168,209,254,303,367,441,525.25,642,803,1022,1427,1818,0
"2021-06-05",1,4,11,22,36,53,73,95.6499999999996,122,152,187,228,277,333.35,402,483,584.200000000001,733,947,1302,1732.05,0
"2021-06-06",1,3,10,20,33,49,69,90,116,144,180,220,266,317,379.299999999999,461,562,700,904,1250.05,1588.025,0
"2021-06-07",1,3,10,20,32,47,64,85,108,136,168,204,247,300,360,440,539,665,851,1180,1564,0
"2021-06-08",1,3,10,20,31,46,64,84,107,134,165,204,247,296,354,427,527,657,831,1175,1499.025,0
"2021-06-09",1,3,9,19,31,46,63,83,106,133,165,201,239,289,348,418,509,635,815.1,1149,1529.025,3944
"2021-06-10",1,3,10,19,31,46,64,84.6499999999996,108,133,165,201,243,295,354,424,519,646,833.1,1181,1546.025,0
"2021-06-11",1,3,10,19,31,46,64,83,107,132,163,200,239,290,347,421,515,639,832.1,1182.1,1558.05,0
"2021-06-12",1,3,10,19,31,46,63,83,106,132,166,202,245,295,357,432,527,666,871,1227,1615.025,0
"2021-06-13",1,3,10,20,32,48,67,89,113,142,174,214,259,314,381,470,577,728,930.1,1340,1809.025,0
"2021-06-14",1,3,11,21,35.8000000000002,52,70,92,120,149,185,225,272,330,396.299999999999,483,597,750,983,1412,1921.025,0
"2021-06-15",1,3,11,23,36,54,74,99,126,157,196,240,293,352,426,514.25,630,792,1047,1496,1994,0
"2021-06-16",1,3,12,24,40,60,83,110,141,176,215.5,263,319,387,465.299999999999,560,689,860,1128,1584.15,2162,3237
"2021-06-17",1,4,14,27.8499999999999,44,66,89,118,151,190,237,291,349,419,510,622,757,944,1224.1,1775.05,2360.07499999999,0
"2021-06-18",1,4,14,28,48,71,97,129,162,202,248.5,305,372,449,550,667,824.200000000001,1023,1352.1,1926.05,2537,0
"2021-06-19",1,5,16,32,51,77,108,142,182,227,278,338,409,496,601,732,896,1115,1452,2075,2742.29999999997,0
"2021-06-20",2,5,17,34,56,83,114,148,190,235,292,351,429,519.35,630,762,934,1170,1521.1,2199.05,2887.05,0
"2021-06-21",1,6,19,39,63,92,124,162,208,262.55,322,395,477,576,696,847,1040.2,1297,1667,2413.1,3178.05,0
"2021-06-22",2,6,19,39,63,94,131,174,223,280,349,422,514.4,631.35,761,911,1118,1397,1814,2586.05,3433,0
"2021-06-23",2,7,22,43,73,107,147,193,248,312,384,469,562,682,834,1027,1254,1540,1998,2839,3703.12499999999,3864
"2021-06-24",2,7,24,47,78,113,156,204,262,331,410,496,603,723,874,1058.25,1290,1601.15,2062.2,2953.15,3838.14999999999,0
"2021-06-25",2,9,26,51,83,120,165,217,277,352,434,529,645,784,946,1132.25,1382,1734,2215,3061,3968.12499999999,0
"2021-06-26",2,9,28,54,88,130,178,238,304,384,470,572,695,840.35,1011,1218,1487,1857,2378,3371.05,4478.22499999998,0
"2021-06-27",3,9,29,57,94,138,194,253,326,414,508,618,744,894.35,1086,1314,1598.2,1985,2518,3550,4660.025,0
"2021-06-28",3,9,31,62,101,151,209,277,351,443,545,663.450000000001,794,953,1140,1365.25,1665,2104.15,2713,3867,5098.14999999999,0
"2021-06-29",3,10,35,69,113,162,222.7,294,369.6,464,576,698,839,1013,1227.3,1485,1815.2,2265,2914,4068.1,5288,0
"2021-06-30",3,10,36,68,108,163,231,304,391,490,606,738,897,1079.35,1299,1576.25,1917.2,2345.15,3002,4255.25,5618.14999999999,5289
"2021-07-01",3,11,37,77,127,183.75,250,325,419,523,646,791,961,1148,1376,1674,2040.2,2528,3224.2,4504,5889.17499999998,0
"2021-07-02",4,12,40,80,129,190,261,339,428,533,659.5,802,976,1191,1416.3,1712.5,2120.2,2630,3390,4818,6413,0
"2021-07-03",4,13,44,85,139,205,284,377,477,601,726,872,1046,1274,1530,1840,2244,2820,3611.1,5008,6510.07499999999,0
"2021-07-04",5,16,48,90,148,216,301,400,510,628,779,950,1149,1387.35,1659,2018,2431.2,2996.15,3850.1,5424.2,6963.47499999996,0
"2021-07-05",4,15,49,96,158.8,234,320,420,538,672,817.5,996,1212,1472,1763,2099,2569,3203.3,4126.1,5670.15,7283.09999999999,0
"2021-07-06",5,18,52,101,163,239,332,434,552,693,847.5,1035,1241,1489,1790,2156,2627.2,3295,4179.1,5927.05,7651.14999999999,0
"2021-07-07",5,17,53,107.85,178,260,358,472.65,599,741,913,1094.45,1322,1602,1933,2308,2811,3510.15,4497.1,6147.1,7845.19999999998,7890
"2021-07-08",6,17,55,109,177,262,352.7,468,599,751,918,1116,1353.8,1645,1974,2391,2907,3618,4604,6460.2,8341,0
"2021-07-09",6,18,55,111,188,269,376,487,628,775,956.5,1166,1428,1727,2079,2515.25,3094,3816.3,4825.1,6758.15,8642.05,0
"2021-07-10",6,18,61,118,192,289,394,519,658,819,1026.5,1239.45,1499,1809,2188.6,2638.25,3195.2,3949.15,5087,7059.2,9228.22499999998,0
"2021-07-11",6,19,62,122.85,201.8,295,407,534,692,865,1071,1288.45,1551,1875.35,2252.3,2735.25,3332.2,4178.45,5301.1,7423.25,9573.14999999999,0
"2021-07-12",7,21,65,128,213,312.75,429,563,717,895,1102,1326,1599,1925,2288,2789.25,3434,4257.15,5439.1,7564.2,9861.27499999998,0
"2021-07-13",6,22,72,141,227,327,449,591,760,953,1164,1415,1723,2081.35,2475,2967,3591.4,4490.45,5787.3,7936.1,10441.025,0
"2021-07-14",9,26,78,146,230,337.75,457,598,770.6,965.55,1193,1436,1746,2095.35,2518.3,3039,3685.2,4559.15,5795.3,7912.05,10392.2,13285
"2021-07-15",7,23,72,145.85,237,346,468,612,794,993,1223.5,1499,1808,2184.35,2647,3186,3874,4799.15,6173.4,8606.1,11208.025,0
"2021-07-16",7,24,76,147,240,358,491,638.65,811.6,1019,1249.5,1512.45,1840,2190,2631,3162.5,3873,4815.15,6132,8602.2,11226.125,0
"2021-07-17",8,25,84,162,264,376,512,672,856,1071.55,1316.5,1592.45,1938,2328.35,2783.3,3355,4054.4,5001.3,6416.2,8927.05,11543.025,0
"2021-07-18",8,25,77,155,253,370.75,513,670,864,1090,1343,1619.45,1956.4,2363,2814,3379.25,4099,5117.3,6534,9118.25,12181.275,0
"2021-07-19",8,25,79,155,256,368,515,687.65,876,1096,1357,1635,1977.4,2380.4,2869.3,3461,4244,5322.3,6807,9475.39999999999,12160.525,0
"2021-07-20",8,27,81,167,266,388,538,705,907,1139,1394.5,1692,2050.4,2461.35,2975.3,3591.25,4441.2,5539.15,7093.2,9878.2,12859.2,0
"2021-07-21",9,28,86,170,279,413,560,734,945,1192,1466,1780.45,2139,2533.35,3040.3,3704.5,4483,5577.45,7185.7,10149.8,13066.075,21123
"2021-07-22",9,29,92,182,279,409,562,740,938,1173,1456.5,1753,2107,2507.7,3060.3,3695,4499.2,5513,7142.1,10072,12912.25,0
"2021-07-23",9,29,92,178.85,289.8,419,580,757,968,1211,1488,1815,2202,2654,3197.3,3864.25,4679.4,5809.3,7483.2,10600.05,13805.225,0
"2021-07-24",9,28,83,166,274.8,404,563.7,740,952,1204,1480.5,1787.45,2175,2605.35,3142.3,3838.25,4702,5830.45,7508.1,10889.1,14469.25,0
"2021-07-25",9,28,92,184,300,435,593,777,987.6,1251.55,1529,1868.45,2258.4,2725,3300,3967,4795,5958.15,7654.5,10750.55,14008.0249999999,0
"2021-07-26",8,27,89,174,280,420,580,767,988.6,1235,1552,1881.45,2267.4,2738,3251.3,3918.25,4778,5992.15,7801.2,11147.05,14584.175,0
"2021-07-27",8,28,90,169,277,410,566,743,950,1201,1501,1838,2241,2692,3251.3,3946.5,4787,5997,7879.1,10915.55,14133.7249999999,0
"2021-07-28",9,29,95,190,303,430,589,777,1005.6,1256.55,1564,1898.45,2302.4,2754,3339,4020.5,4941,6193,7985.5,11404.2,14948.025,30623
"2021-07-29",11,31,95.9000000000001,186,306,440,603,798,1015,1282.55,1571,1912,2319.4,2809.35,3368.3,4084,4958.2,6184,8020.6,11331.3,14966.425,0
"2021-07-30",10,28,94,187,297.8,434,609,795.65,1028,1296,1598,1938,2342,2805.7,3357.3,4056,4930.2,6131.3,7998.9,11340.25,15058.6499999999,0
"2021-07-31",10,29,91,184,298,441,611,809.65,1027.6,1286,1586.5,1917.45,2315,2790,3338.3,4072.5,4979,6096,7938.1,11007,14795.9499999999,0
"2021-08-01",9,30,94,179,300,452,624,804.65,1014,1272.55,1576,1919.45,2322.8,2801.35,3367.3,4100,5005.2,6252,8127.6,11443.6,15572.3,0
"2021-08-02",9,29,95,185,303,446,601,802.65,1020.6,1286.55,1595,1940.45,2359,2839.35,3429,4151.25,5039.8,6238.15,8192.1,11565.05,15486.025,NA
"2021-08-03",9,29,92,176,290.8,425,591,768,984,1247.55,1538,1887,2282,2755.35,3317.3,4020,4978.2,6243.15,8040,11532.35,15264.525,NA
"2021-08-04",10,31,94,183,302,440,601,788,1012,1269,1538.5,1871,2284.4,2784,3338.3,4007.25,4932.2,6270.15,8188.3,11662.4,15125.0999999999,NA
"2021-08-05",9,29,89,175,284,421.75,584,774,996,1245.55,1523.5,1853,2252.8,2734,3281.3,4001,4896.4,6171.45,7928.7,11688.5,15541.425,NA
"2021-08-06",9,27,89,174,287,418,580,770.65,993,1247,1549,1882.45,2283.8,2760,3329,4066,4991.2,6289.15,8125,11453.2,15446.15,NA
"2021-08-07",9,29,90.9000000000001,179,292,428,586,782,984.6,1231,1522.5,1860,2262,2736,3314,4032,4888,6131.3,8061.1,11797.2,15438.6499999999,NA
"2021-08-08",10,30,89,174,286.8,420.75,585,768.65,990.6,1221,1514,1852,2232,2705,3251.3,3960.25,4892,6065.15,7904,11355.05,15268.075,NA
"2021-08-09",8,27,88,177,279,407,566,746.65,957,1207,1497.5,1801.45,2192.4,2672.35,3228.3,3921.25,4820.8,6106.3,7971.3,11387.5,15573.175,NA
"2021-08-10",8,26,84,168,270,404,557,734.65,938,1169,1433,1739,2125,2592.35,3160.3,3813.25,4717.4,5906,7733.4,11222.1,15097.6249999999,NA
"2021-08-11",8,27,87,175.85,285,412,547,727,941,1199.55,1488,1797,2181.4,2647,3158,3827.25,4719.4,5907.15,7729,10957.05,14821.075,NA
"2021-08-12",8,27,88,171,274,406,561,742,940,1181,1438,1747.45,2116.4,2549.35,3067.3,3720,4618.2,5829.3,7508.2,10895.15,14698.05,NA
"2021-08-13",8,27,83,165,263.8,377,517,689.65,895,1130.55,1390,1694.45,2069,2500.35,3061,3702.25,4517.8,5630.3,7401.2,10846.45,14260.1,NA
"2021-08-14",8,24.95,79.9000000000001,156,251.8,367,507.7,671,857.6,1074,1319,1634,1988,2406,2897,3511,4292.2,5515.6,7253.3,10375.25,13718.025,NA
"2021-08-15",7,23,76,149,244,360,496,652.65,833.6,1050,1308.5,1599.45,1942.4,2348.35,2828.6,3479.75,4292.2,5342.3,6992,10269.1,13690.05,NA
"2021-08-16",7,22,70,142,229,343,477,634,811,1018,1269,1543.45,1848.4,2250.35,2738.3,3359.25,4110,5198.45,6790.8,9713.25,13076.4,NA
