Date,2.5 percentile,5.0 percentile,10.0 percentile,15.0 percentile,20.0 percentile,25.0 percentile,30.0 percentile,35.0 percentile,40.0 percentile,45.0 percentile,50.0 percentile,55.0 percentile,60.0 percentile,65.0 percentile,70.0 percentile,75.0 percentile,80.0 percentile,85.0 percentile,90.0 percentile,95.0 percentile,97.5 percentile,ConfirmedCases
2020-01-22,0.0,0.0,0.0,0.0,0.0,0.0,0.0,0.0,0.0,0.0,0.0,0.0,0.0,0.0,0.0,0.0,0.0,0.0,0.0,0.0,0.0,0.0
2020-01-23,0.0,0.0,0.0,0.0,0.0,0.0,0.0,0.0,0.0,0.0,0.0,0.0,0.0,0.0,0.0,0.0,0.0,0.0,0.0,0.0,0.0,0.0
2020-01-24,0.0,0.0,0.0,0.0,0.0,0.0,0.0,0.0,0.0,0.0,0.0,0.0,0.0,0.0,0.0,0.0,0.0,0.0,0.0,0.0,0.0,0.0
2020-01-25,0.0,0.0,0.0,0.0,0.0,0.0,0.0,0.0,0.0,0.0,0.0,0.0,0.0,0.0,0.0,0.0,0.0,0.0,0.0,0.0,0.0,0.0
2020-01-26,0.0,0.0,0.0,0.0,0.0,0.0,0.0,0.0,0.0,0.0,0.0,0.0,0.0,0.0,0.0,0.0,0.0,0.0,0.0,0.0,0.0,0.0
2020-01-27,0.0,0.0,0.0,0.0,0.0,0.0,0.0,0.0,0.0,0.0,0.0,0.0,0.0,0.0,0.0,0.0,0.0,0.0,0.0,0.0,0.0,0.0
2020-01-28,0.0,0.0,0.0,0.0,0.0,0.0,0.0,0.0,0.0,0.0,0.0,0.0,0.0,0.0,0.0,0.0,0.0,0.0,0.0,0.0,0.0,0.0
2020-01-29,0.0,0.0,0.0,0.0,0.0,0.0,0.0,0.0,0.0,0.0,0.0,0.0,0.0,0.0,0.0,0.0,0.0,0.0,0.0,0.0,0.0,0.0
2020-01-30,0.0,0.0,0.0,0.0,0.0,0.0,0.0,0.0,0.0,0.0,0.0,0.0,0.0,0.0,0.0,0.0,0.0,0.0,0.0,0.0,0.0,0.0
2020-01-31,0.0,0.0,0.0,0.0,0.0,0.0,0.0,0.0,0.0,0.0,0.0,0.0,0.0,0.0,0.0,0.0,0.0,0.0,0.0,0.0,0.0,0.0
2020-02-01,0.0,0.0,0.0,0.0,0.0,0.0,0.0,0.0,0.0,0.0,0.0,0.0,0.0,0.0,0.0,0.0,0.0,0.0,0.0,0.0,0.0,0.0
2020-02-02,0.0,0.0,0.0,0.0,0.0,0.0,0.0,0.0,0.0,0.0,0.0,0.0,0.0,0.0,0.0,0.0,0.0,0.0,0.0,0.0,0.0,0.0
2020-02-03,0.0,0.0,0.0,0.0,0.0,0.0,0.0,0.0,0.0,0.0,0.0,0.0,0.0,0.0,0.0,0.0,0.0,0.0,0.0,0.0,0.0,0.0
2020-02-04,0.0,0.0,0.0,0.0,0.0,0.0,0.0,0.0,0.0,0.0,0.0,0.0,0.0,0.0,0.0,0.0,0.0,0.0,0.0,0.0,0.0,0.0
2020-02-05,0.0,0.0,0.0,0.0,0.0,0.0,0.0,0.0,0.0,0.0,0.0,0.0,0.0,0.0,0.0,0.0,0.0,0.0,0.0,0.0,0.0,0.0
2020-02-06,0.0,0.0,0.0,0.0,0.0,0.0,0.0,0.0,0.0,0.0,0.0,0.0,0.0,0.0,0.0,0.0,0.0,0.0,0.0,0.0,0.0,0.0
2020-02-07,0.0,0.0,0.0,0.0,0.0,0.0,0.0,0.0,0.0,0.0,0.0,0.0,0.0,0.0,0.0,0.0,0.0,0.0,0.0,0.0,0.0,0.0
2020-02-08,0.0,0.0,0.0,0.0,0.0,0.0,0.0,0.0,0.0,0.0,0.0,0.0,0.0,0.0,0.0,0.0,0.0,0.0,0.0,0.0,0.0,0.0
2020-02-09,0.0,0.0,0.0,0.0,0.0,0.0,0.0,0.0,0.0,0.0,0.0,0.0,0.0,0.0,0.0,0.0,0.0,0.0,0.0,0.0,0.0,0.0
2020-02-10,0.0,0.0,0.0,0.0,0.0,0.0,0.0,0.0,0.0,0.0,0.0,0.0,0.0,0.0,0.0,0.0,0.0,0.0,0.0,0.0,0.0,0.0
2020-02-11,0.0,0.0,0.0,0.0,0.0,0.0,0.0,0.0,0.0,0.0,0.0,0.0,0.0,0.0,0.0,0.0,0.0,0.0,0.0,0.0,0.0,0.0
2020-02-12,0.0,0.0,0.0,0.0,0.0,0.0,0.0,0.0,0.0,0.0,0.0,0.0,0.0,0.0,0.0,0.0,0.0,0.0,0.0,0.0,0.0,0.0
2020-02-13,0.0,0.0,0.0,0.0,0.0,0.0,0.0,0.0,0.0,0.0,0.0,0.0,0.0,0.0,0.0,0.0,0.0,0.0,0.0,0.0,0.0,0.0
2020-02-14,0.0,0.0,0.0,0.0,0.0,0.0,0.0,0.0,0.0,0.0,0.0,0.0,0.0,0.0,0.0,0.0,0.0,0.0,0.0,0.0,0.0,0.0
2020-02-15,0.0,0.0,0.0,0.0,0.0,0.0,0.0,0.0,0.0,0.0,0.0,0.0,0.0,0.0,0.0,0.0,0.0,0.0,0.0,0.0,0.0,0.0
2020-02-16,0.0,0.0,0.0,0.0,0.0,0.0,0.0,0.0,0.0,0.0,0.0,0.0,0.0,0.0,0.0,0.0,0.0,0.0,0.0,0.0,0.0,0.0
2020-02-17,0.0,0.0,0.0,0.0,0.0,0.0,0.0,0.0,0.0,0.0,0.0,0.0,0.0,0.0,0.0,0.0,0.0,0.0,0.0,0.0,0.0,0.0
2020-02-18,0.0,0.0,0.0,0.0,0.0,0.0,0.0,0.0,0.0,0.0,0.0,0.0,0.0,0.0,0.0,0.0,0.0,0.0,0.0,0.0,0.0,0.0
2020-02-19,0.0,0.0,0.0,0.0,0.0,0.0,0.0,0.0,0.0,0.0,0.0,0.0,0.0,0.0,0.0,0.0,0.0,0.0,0.0,0.0,0.0,0.0
2020-02-20,0.0,0.0,0.0,0.0,0.0,0.0,0.0,0.0,0.0,0.0,0.0,0.0,0.0,0.0,0.0,0.0,0.0,0.0,0.0,0.0,0.0,0.0
2020-02-21,0.0,0.0,0.0,0.0,0.0,0.0,0.0,0.0,0.0,0.0,0.0,0.0,0.0,0.0,0.0,0.0,0.0,0.0,0.0,0.0,0.0,0.0
2020-02-22,0.0,0.0,0.0,0.0,0.0,0.0,0.0,0.0,0.0,0.0,0.0,0.0,0.0,0.0,0.0,0.0,0.0,0.0,0.0,0.0,0.0,0.0
2020-02-23,0.0,0.0,0.0,0.0,0.0,0.0,0.0,0.0,0.0,0.0,0.0,0.0,0.0,0.0,0.0,0.0,0.0,0.0,0.0,0.0,0.0,0.0
2020-02-24,0.0,0.0,0.0,0.0,0.0,0.0,0.0,0.0,0.0,0.0,0.0,0.0,0.0,0.0,0.0,0.0,0.0,0.0,0.0,0.0,0.0,0.0
2020-02-25,0.0,0.0,0.0,0.0,0.0,0.0,0.0,0.0,0.0,0.0,0.0,0.0,0.0,0.0,0.0,0.0,0.0,0.0,0.0,0.0,0.0,0.0
2020-02-26,0.0,0.0,0.0,0.0,0.0,0.0,0.0,0.0,0.0,0.0,0.0,0.0,0.0,0.0,0.0,0.0,0.0,0.0,0.0,0.0,0.0,0.0
2020-02-27,0.0,0.0,0.0,0.0,0.0,0.0,0.0,0.0,0.0,0.0,0.0,0.0,0.0,0.0,0.0,0.0,0.0,0.0,0.0,0.0,0.0,0.0
2020-02-28,0.0,0.0,0.0,0.0,0.0,0.0,0.0,0.0,0.0,0.0,0.0,0.0,0.0,0.0,0.0,0.0,0.0,0.0,0.0,0.0,0.0,0.0
2020-02-29,0.0,0.0,0.0,0.0,0.0,0.0,0.0,0.0,0.0,0.0,0.0,0.0,0.0,0.0,0.0,0.0,0.0,0.0,0.0,0.0,0.0,0.0
2020-03-01,0.0,0.0,0.0,0.0,0.0,0.0,0.0,0.0,0.0,0.0,0.0,0.0,0.0,0.0,0.0,0.0,0.0,0.0,0.0,0.0,0.0,0.0
2020-03-02,0.0,0.0,0.0,0.0,0.0,0.0,0.0,0.0,0.0,0.0,0.0,0.0,0.0,0.0,0.0,0.0,0.0,0.0,0.0,0.0,1.0,0.0
2020-03-03,0.0,0.0,0.0,0.0,0.0,0.0,0.0,0.0,0.0,0.0,0.0,0.0,0.0,0.0,0.0,0.0,0.0,0.0,0.0,1.0,1.0,0.0
2020-03-04,0.0,0.0,0.0,0.0,0.0,0.0,0.0,0.0,0.0,0.0,0.0,0.0,0.0,0.0,0.0,0.0,0.0,0.0,0.0,1.0,1.0,0.0
2020-03-05,0.0,0.0,0.0,0.0,0.0,0.0,0.0,0.0,0.0,0.0,0.0,0.0,0.0,0.0,0.0,0.0,0.0,0.0,1.0,1.0,1.0,0.0
2020-03-06,0.0,0.0,0.0,0.0,0.0,0.0,0.0,0.0,0.0,0.0,0.0,0.0,0.0,0.0,0.0,0.0,0.0,1.0,1.0,1.0,1.0,0.0
2020-03-07,0.0,0.0,0.0,0.0,0.0,0.0,0.0,0.0,0.0,0.0,0.0,0.0,0.0,0.0,0.0,0.0,1.0,1.0,1.0,1.0,2.0,0.0
2020-03-08,0.0,0.0,0.0,0.0,0.0,0.0,0.0,0.0,0.0,0.0,0.0,0.0,0.0,0.0,1.0,1.0,1.0,1.0,1.0,2.0,2.0,0.0
2020-03-09,0.0,0.0,0.0,0.0,0.0,0.0,0.0,0.0,0.0,0.0,0.0,0.0,1.0,1.0,1.0,1.0,1.0,1.0,2.0,2.0,3.0,0.0
2020-03-10,0.0,0.0,0.0,0.0,0.0,0.0,0.0,0.0,0.0,0.0,1.0,1.0,1.0,1.0,1.0,1.0,2.0,2.0,2.0,3.0,3.0,0.0
2020-03-11,0.0,0.0,0.0,0.0,0.0,0.0,0.0,1.0,1.0,1.0,1.0,1.0,1.0,1.0,2.0,2.0,2.0,2.0,3.0,3.0,4.0,4.0
2020-03-12,0.0,0.0,0.0,0.0,0.0,1.0,1.0,1.0,1.0,1.0,1.0,1.0,2.0,2.0,2.0,2.0,3.0,3.0,3.0,4.0,5.0,2.0
2020-03-13,0.0,0.0,0.0,0.0,1.0,1.0,1.0,1.0,1.0,2.0,2.0,2.0,2.0,2.0,3.0,3.0,3.0,4.0,4.0,5.0,6.0,4.0
2020-03-14,0.0,0.0,1.0,1.0,1.0,1.0,2.0,2.0,2.0,2.0,2.0,3.0,3.0,3.0,3.0,4.0,4.0,5.0,5.0,6.0,7.0,3.0
2020-03-15,0.0,0.0,1.0,1.0,2.0,2.0,2.0,2.0,3.0,3.0,3.0,3.0,4.0,4.0,4.0,5.0,5.0,6.0,6.0,7.0,8.0,4.0
2020-03-16,0.0,1.0,1.0,2.0,2.0,3.0,3.0,3.0,3.0,4.0,4.0,4.0,5.0,5.0,5.0,6.0,6.0,7.0,8.0,9.0,10.0,4.0
2020-03-17,1.0,1.0,2.0,3.0,3.0,3.0,4.0,4.0,4.0,5.0,5.0,5.0,6.0,6.0,7.0,7.0,8.0,8.0,9.0,11.0,12.0,2.0
2020-03-18,1.0,2.0,3.0,3.0,4.0,4.0,5.0,5.0,6.0,6.0,6.0,7.0,7.0,8.0,8.0,9.0,9.0,10.0,11.0,13.0,14.0,5.0
2020-03-19,2.0,3.0,4.0,4.0,5.0,5.0,6.0,6.0,7.0,7.0,8.0,8.0,9.0,9.0,10.0,10.0,11.0,12.0,13.0,15.0,17.0,7.0
2020-03-20,3.0,4.0,5.0,6.0,6.0,7.0,7.0,8.0,8.0,9.0,9.0,10.0,10.0,11.0,12.0,12.0,13.0,14.0,15.0,18.0,19.0,8.0
2020-03-21,4.0,5.0,6.0,7.0,8.0,8.0,9.0,9.0,10.0,11.0,11.0,12.0,12.0,13.0,14.0,15.0,16.0,17.0,18.0,20.0,23.0,14.0
2020-03-22,5.0,6.0,7.0,8.0,9.0,10.0,11.0,11.0,12.0,13.0,13.0,14.0,15.0,15.0,16.0,17.0,18.0,19.0,21.0,24.0,26.0,8.0
2020-03-23,6.0,7.0,9.0,10.0,11.0,12.0,13.0,13.0,14.0,15.0,16.0,16.0,17.0,18.0,19.0,20.0,21.0,23.0,24.0,27.0,30.0,18.0
2020-03-24,7.0,9.0,11.0,12.0,13.0,14.0,15.0,16.0,16.0,17.0,18.0,19.0,20.0,21.0,22.0,23.0,24.0,26.0,28.0,31.0,34.0,17.0
2020-03-25,9.0,10.0,12.0,14.0,15.0,16.0,17.0,18.0,19.0,20.0,21.0,22.0,23.0,24.0,25.0,26.0,28.0,30.0,32.0,36.0,39.0,13.0
2020-03-26,10.0,12.0,14.0,16.0,17.0,19.0,20.0,21.0,22.0,23.0,24.0,25.0,26.0,27.0,29.0,30.0,32.0,34.0,36.0,40.0,44.0,23.0
2020-03-27,12.0,14.0,17.0,18.0,20.0,21.0,22.0,24.0,25.0,26.0,27.0,28.0,30.0,31.0,32.0,34.0,36.0,38.0,41.0,45.0,49.0,55.0
2020-03-28,14.0,16.0,19.0,21.0,22.0,24.0,25.0,27.0,28.0,29.0,30.0,32.0,33.0,35.0,36.0,38.0,40.0,42.0,45.0,50.0,55.0,19.0
2020-03-29,16.0,18.0,21.0,23.0,25.0,27.0,28.0,30.0,31.0,33.0,34.0,35.0,37.0,38.0,40.0,42.0,44.0,47.0,50.0,56.0,61.0,27.0
2020-03-30,18.0,21.0,24.0,26.0,28.0,30.0,32.0,33.0,35.0,36.0,38.0,39.0,41.0,43.0,45.0,47.0,49.0,52.0,56.0,62.0,67.0,45.0
2020-03-31,20.0,23.0,26.0,29.0,31.0,33.0,35.0,37.0,38.0,40.0,42.0,43.0,45.0,47.0,49.0,51.0,54.0,57.0,61.0,68.0,73.0,33.0
2020-04-01,22.0,25.0,29.0,32.0,34.0,36.0,38.0,40.0,42.0,44.0,46.0,47.0,49.0,51.0,54.0,56.0,59.0,62.0,67.0,74.0,80.0,48.0
2020-04-02,24.0,28.0,32.0,35.0,37.0,40.0,42.0,44.0,46.0,48.0,50.0,52.0,54.0,56.0,58.0,61.0,64.0,68.0,72.0,80.0,87.0,40.0
2020-04-03,27.0,30.0,35.0,38.0,41.0,43.0,45.0,48.0,50.0,52.0,54.0,56.0,58.0,61.0,63.0,66.0,69.0,73.0,78.0,86.0,94.0,92.0
2020-04-04,29.0,33.0,38.0,41.0,44.0,47.0,49.0,51.0,54.0,56.0,58.0,60.0,63.0,65.0,68.0,71.0,74.0,79.0,84.0,93.0,101.0,49.0
2020-04-05,31.0,35.0,40.0,44.0,47.0,50.0,53.0,55.0,57.0,60.0,62.0,65.0,67.0,70.0,73.0,76.0,80.0,84.0,90.0,99.0,108.0,80.0
2020-04-06,34.0,38.0,43.0,47.0,51.0,54.0,56.0,59.0,61.0,64.0,66.0,69.0,72.0,75.0,78.0,81.0,85.0,90.0,96.0,106.0,115.0,62.0
2020-04-07,36.0,40.0,46.0,51.0,54.0,57.0,60.0,63.0,65.0,68.0,71.0,73.0,76.0,79.0,83.0,86.0,90.0,95.0,102.0,112.0,122.0,108.0
2020-04-08,38.0,43.0,49.0,54.0,57.0,60.0,64.0,66.0,69.0,72.0,75.0,78.0,81.0,84.0,87.0,91.0,95.0,101.0,108.0,119.0,128.0,71.0
2020-04-09,40.0,45.0,52.0,57.0,61.0,64.0,67.0,70.0,73.0,76.0,79.0,82.0,85.0,89.0,92.0,96.0,101.0,106.0,113.0,125.0,135.0,124.0
2020-04-10,43.0,48.0,55.0,60.0,64.0,67.0,71.0,74.0,77.0,80.0,83.0,86.0,90.0,93.0,97.0,101.0,106.0,112.0,119.0,131.0,142.0,101.0
2020-04-11,45.0,50.0,58.0,63.0,67.0,71.0,74.0,77.0,81.0,84.0,87.0,90.0,94.0,98.0,102.0,106.0,111.0,117.0,125.0,137.0,149.0,84.0
2020-04-12,47.0,53.0,60.0,65.0,70.0,74.0,78.0,81.0,84.0,88.0,91.0,95.0,98.0,102.0,106.0,110.0,116.0,122.0,130.0,143.0,155.0,71.0
2020-04-13,49.0,55.0,63.0,68.0,73.0,77.0,81.0,84.0,88.0,91.0,95.0,98.0,102.0,106.0,110.0,115.0,120.0,127.0,136.0,149.0,161.0,100.0
2020-04-14,51.0,57.0,65.0,71.0,76.0,80.0,84.0,88.0,91.0,95.0,98.0,102.0,106.0,110.0,115.0,119.0,125.0,132.0,141.0,155.0,167.0,62.0
2020-04-15,53.0,59.0,68.0,74.0,78.0,83.0,87.0,91.0,94.0,98.0,102.0,106.0,110.0,114.0,119.0,124.0,130.0,136.0,146.0,160.0,173.0,77.0
2020-04-16,55.0,62.0,70.0,76.0,81.0,86.0,90.0,94.0,98.0,102.0,105.0,109.0,114.0,118.0,123.0,128.0,134.0,141.0,150.0,165.0,179.0,113.0
2020-04-17,57.0,64.0,72.0,78.0,84.0,88.0,93.0,97.0,101.0,105.0,109.0,113.0,117.0,122.0,126.0,132.0,138.0,145.0,155.0,170.0,184.0,114.0
2020-04-18,58.0,65.0,74.0,81.0,86.0,91.0,95.0,100.0,104.0,108.0,112.0,116.0,120.0,125.0,130.0,135.0,142.0,150.0,159.0,175.0,190.0,87.0
2020-04-19,60.0,67.0,76.0,83.0,89.0,93.0,98.0,102.0,106.0,111.0,115.0,119.0,124.0,128.0,133.0,139.0,146.0,153.0,164.0,180.0,194.0,47.0
2020-04-20,61.0,69.0,78.0,85.0,91.0,96.0,100.0,105.0,109.0,113.0,117.0,122.0,126.0,131.0,137.0,142.0,149.0,157.0,168.0,184.0,199.0,126.0
2020-04-21,63.0,71.0,80.0,87.0,93.0,98.0,103.0,107.0,112.0,116.0,120.0,125.0,129.0,134.0,140.0,146.0,152.0,161.0,171.0,188.0,204.0,101.0
2020-04-22,64.0,72.0,82.0,89.0,95.0,100.0,105.0,109.0,114.0,118.0,123.0,127.0,132.0,137.0,143.0,149.0,156.0,164.0,175.0,192.0,208.0,138.0
2020-04-23,65.0,74.0,83.0,91.0,97.0,102.0,107.0,112.0,116.0,120.0,125.0,130.0,135.0,140.0,145.0,151.0,158.0,167.0,178.0,196.0,212.0,169.0
2020-04-24,67.0,75.0,85.0,92.0,98.0,104.0,109.0,113.0,118.0,123.0,127.0,132.0,137.0,142.0,148.0,154.0,161.0,170.0,181.0,199.0,215.0,145.0
2020-04-25,68.0,76.0,86.0,94.0,100.0,105.0,110.0,115.0,120.0,125.0,129.0,134.0,139.0,145.0,150.0,157.0,164.0,173.0,184.0,202.0,219.0,138.0
2020-04-26,69.0,77.0,88.0,95.0,101.0,107.0,112.0,117.0,122.0,126.0,131.0,136.0,141.0,147.0,152.0,159.0,166.0,175.0,187.0,205.0,222.0,66.0
2020-04-27,70.0,78.0,89.0,96.0,103.0,108.0,114.0,118.0,123.0,128.0,133.0,138.0,143.0,149.0,154.0,161.0,168.0,177.0,189.0,208.0,225.0,97.0
2020-04-28,71.0,79.0,90.0,98.0,104.0,110.0,115.0,120.0,125.0,130.0,135.0,140.0,145.0,151.0,156.0,163.0,171.0,180.0,192.0,211.0,228.0,150.0
2020-04-29,71.0,80.0,91.0,99.0,105.0,111.0,116.0,121.0,126.0,131.0,136.0,141.0,146.0,152.0,158.0,165.0,172.0,182.0,194.0,212.0,230.0,238.0
2020-04-30,72.0,81.0,92.0,100.0,106.0,112.0,117.0,123.0,127.0,132.0,137.0,142.0,148.0,153.0,159.0,166.0,174.0,183.0,195.0,215.0,232.0,198.0
2020-05-01,73.0,82.0,93.0,101.0,107.0,113.0,118.0,124.0,129.0,134.0,139.0,144.0,149.0,155.0,161.0,168.0,176.0,185.0,197.0,217.0,234.0,102.0
2020-05-02,74.0,83.0,94.0,102.0,108.0,114.0,119.0,125.0,130.0,135.0,140.0,145.0,150.0,156.0,162.0,169.0,177.0,186.0,199.0,218.0,236.0,219.0
2020-05-03,74.0,83.0,94.0,102.0,109.0,115.0,120.0,125.0,130.0,136.0,141.0,146.0,151.0,157.0,163.0,170.0,178.0,188.0,200.0,220.0,238.0,118.0
2020-05-04,74.0,83.0,95.0,103.0,109.0,115.0,121.0,126.0,131.0,136.0,142.0,147.0,152.0,158.0,164.0,171.0,179.0,189.0,201.0,221.0,239.0,180.0
2020-05-05,75.0,84.0,95.0,103.0,110.0,116.0,121.0,127.0,132.0,137.0,142.0,148.0,153.0,159.0,165.0,172.0,180.0,190.0,202.0,222.0,240.0,107.0
2020-05-06,75.0,84.0,96.0,104.0,110.0,116.0,122.0,127.0,132.0,138.0,143.0,148.0,154.0,159.0,166.0,172.0,181.0,190.0,203.0,223.0,241.0,153.0
2020-05-07,76.0,85.0,96.0,104.0,111.0,117.0,123.0,128.0,133.0,138.0,143.0,149.0,154.0,160.0,166.0,173.0,181.0,191.0,204.0,224.0,242.0,202.0
2020-05-08,76.0,85.0,96.0,104.0,111.0,117.0,123.0,128.0,133.0,138.0,144.0,149.0,155.0,160.0,167.0,174.0,182.0,191.0,204.0,224.0,243.0,181.0
2020-05-09,76.0,85.0,97.0,105.0,112.0,118.0,123.0,129.0,134.0,139.0,144.0,149.0,155.0,161.0,167.0,174.0,182.0,192.0,205.0,225.0,243.0,105.0
2020-05-10,76.0,85.0,97.0,105.0,112.0,118.0,123.0,129.0,134.0,139.0,144.0,150.0,155.0,161.0,168.0,175.0,183.0,192.0,205.0,225.0,244.0,85.0
2020-05-11,76.0,85.0,97.0,105.0,112.0,118.0,123.0,129.0,134.0,139.0,144.0,150.0,155.0,161.0,168.0,175.0,183.0,193.0,205.0,225.0,244.0,206.0
2020-05-12,76.0,86.0,97.0,105.0,112.0,118.0,124.0,129.0,134.0,139.0,145.0,150.0,155.0,161.0,168.0,175.0,183.0,193.0,205.0,225.0,244.0,143.0
2020-05-13,76.0,85.0,97.0,105.0,112.0,118.0,124.0,129.0,134.0,139.0,145.0,150.0,156.0,162.0,168.0,175.0,183.0,193.0,206.0,225.0,244.0,152.0
2020-05-14,76.0,85.0,97.0,105.0,112.0,118.0,123.0,129.0,134.0,139.0,144.0,150.0,155.0,161.0,168.0,175.0,183.0,193.0,205.0,225.0,244.0,139.0
2020-05-15,76.0,85.0,97.0,105.0,112.0,118.0,123.0,129.0,134.0,139.0,144.0,150.0,155.0,161.0,168.0,175.0,183.0,192.0,205.0,225.0,243.0,159.0
2020-05-16,76.0,85.0,97.0,105.0,112.0,118.0,123.0,129.0,134.0,139.0,144.0,149.0,155.0,161.0,167.0,174.0,182.0,192.0,205.0,225.0,243.0,185.0
2020-05-17,76.0,85.0,96.0,105.0,112.0,117.0,123.0,128.0,134.0,139.0,144.0,149.0,155.0,161.0,167.0,174.0,182.0,192.0,204.0,224.0,243.0,91.0
2020-05-18,76.0,85.0,96.0,104.0,111.0,117.0,123.0,128.0,133.0,138.0,143.0,149.0,154.0,160.0,166.0,173.0,182.0,191.0,204.0,223.0,242.0,158.0
2020-05-19,75.0,84.0,96.0,104.0,111.0,117.0,122.0,128.0,133.0,138.0,143.0,148.0,154.0,160.0,166.0,173.0,181.0,190.0,203.0,223.0,241.0,96.0
2020-05-20,75.0,84.0,96.0,104.0,110.0,116.0,122.0,127.0,132.0,137.0,143.0,148.0,153.0,159.0,165.0,172.0,180.0,190.0,202.0,222.0,240.0,146.0
2020-05-21,75.0,84.0,95.0,104.0,110.0,116.0,122.0,127.0,132.0,137.0,142.0,147.0,153.0,159.0,165.0,172.0,180.0,189.0,202.0,222.0,240.0,134.0
2020-05-22,75.0,84.0,95.0,103.0,110.0,116.0,121.0,126.0,131.0,137.0,142.0,147.0,152.0,158.0,164.0,171.0,179.0,188.0,201.0,220.0,239.0,153.0
2020-05-23,74.0,83.0,94.0,102.0,109.0,115.0,121.0,126.0,131.0,136.0,141.0,146.0,152.0,157.0,164.0,170.0,178.0,188.0,200.0,220.0,238.0,170.0
2020-05-24,74.0,83.0,94.0,102.0,109.0,115.0,120.0,125.0,130.0,135.0,140.0,146.0,151.0,157.0,163.0,170.0,177.0,187.0,199.0,218.0,236.0,148.0
2020-05-25,74.0,83.0,94.0,102.0,108.0,114.0,119.0,125.0,130.0,135.0,140.0,145.0,150.0,156.0,162.0,169.0,177.0,186.0,199.0,218.0,235.0,83.0
2020-05-26,73.0,82.0,93.0,101.0,108.0,113.0,119.0,124.0,129.0,134.0,139.0,144.0,149.39999999999418,155.0,161.0,168.0,176.0,185.0,197.0,217.0,235.0,104.0
2020-05-27,73.0,82.0,92.0,100.0,107.0,113.0,118.0,123.0,128.0,133.0,138.0,143.0,149.0,154.0,161.0,167.0,175.0,184.0,197.0,216.0,233.0,122.0
2020-05-28,72.0,81.0,92.0,100.0,106.0,112.0,118.0,123.0,128.0,133.0,138.0,143.0,148.0,154.0,160.0,166.0,174.0,183.0,195.0,214.0,232.0,112.0
2020-05-29,72.0,81.0,91.0,99.0,106.0,112.0,117.0,122.0,127.0,132.0,137.0,142.0,147.0,153.0,159.0,165.0,173.0,182.0,194.0,213.0,230.0,129.0
2020-05-30,71.0,80.0,91.0,99.0,105.0,111.0,116.0,121.0,126.0,131.0,136.0,141.0,146.0,152.0,158.0,164.0,172.0,181.0,193.0,212.0,229.0,131.0
2020-05-31,71.0,80.0,90.0,98.0,105.0,110.0,115.0,120.0,125.0,130.0,135.0,140.0,145.0,151.0,156.0,163.0,171.0,180.0,192.0,211.0,228.0,65.0
2020-06-01,70.0,79.0,90.0,97.0,104.0,109.0,115.0,120.0,124.0,129.0,134.0,139.0,144.0,150.0,156.0,162.0,170.0,179.0,191.0,209.0,227.0,111.0
2020-06-02,70.0,78.0,89.0,97.0,103.0,109.0,114.0,119.0,124.0,129.0,133.0,138.0,144.0,149.0,155.0,161.0,169.0,178.0,190.0,208.0,225.0,224.0
2020-06-03,69.0,78.0,88.0,96.0,102.0,108.0,113.0,118.0,123.0,128.0,132.0,137.0,142.0,148.0,154.0,160.0,168.0,177.0,189.0,207.0,224.0,116.0
2020-06-04,69.0,77.0,88.0,95.0,102.0,107.0,112.0,117.0,122.0,127.0,132.0,136.0,141.0,147.0,153.0,159.0,166.0,175.0,187.0,205.0,223.0,213.0
2020-06-05,68.0,77.0,87.0,94.0,101.0,106.0,111.0,116.0,121.0,126.0,130.0,135.0,140.0,146.0,152.0,158.0,165.0,174.0,186.0,204.0,221.0,319.0
2020-06-06,68.0,76.0,86.0,94.0,100.0,105.0,111.0,115.0,120.0,125.0,130.0,135.0,140.0,145.0,151.0,157.0,165.0,173.0,185.0,203.0,220.0,128.0
2020-06-07,67.0,75.0,86.0,93.0,99.0,105.0,110.0,114.0,119.0,124.0,129.0,133.0,138.0,144.0,149.0,156.0,163.0,172.0,183.0,201.0,218.0,140.0
2020-06-08,66.0,75.0,85.0,92.0,98.0,104.0,109.0,114.0,118.0,123.0,127.0,132.0,137.0,143.0,148.0,155.0,162.0,171.0,182.0,200.0,217.0,122.0
2020-06-09,66.0,74.0,84.0,92.0,98.0,103.0,108.0,113.0,117.0,122.0,127.0,131.0,136.0,142.0,147.0,154.0,161.0,170.0,181.0,199.0,216.0,43.0
2020-06-10,65.0,73.0,83.0,91.0,97.0,102.0,107.0,112.0,116.0,121.0,126.0,130.0,135.0,141.0,146.0,153.0,160.0,169.0,180.0,198.0,215.0,145.0
2020-06-11,65.0,73.0,83.0,90.0,96.0,101.0,106.0,111.0,116.0,120.0,125.0,130.0,135.0,140.0,145.0,152.0,159.0,167.0,179.0,197.0,214.0,118.0
2020-06-12,65.0,73.0,82.0,90.0,96.0,101.0,106.0,110.0,115.0,119.0,124.0,129.0,134.0,139.0,145.0,151.0,158.0,167.0,178.0,195.0,212.0,158.0
2020-06-13,64.0,72.0,82.0,89.0,95.0,101.0,105.0,110.0,115.0,119.0,124.0,128.0,133.0,138.0,144.0,150.0,157.0,166.0,177.0,195.0,211.0,95.0
2020-06-14,64.0,72.0,82.0,89.0,95.0,100.0,105.0,110.0,114.0,119.0,123.0,128.0,133.0,138.0,144.0,150.0,157.0,166.0,177.0,194.0,211.0,102.0
2020-06-15,64.0,72.0,82.0,90.0,95.0,101.0,106.0,110.0,115.0,119.0,124.0,129.0,133.0,139.0,144.0,150.0,158.0,166.0,177.0,195.0,211.0,122.0
2020-06-16,65.0,73.0,83.0,90.0,96.0,101.0,106.0,111.0,116.0,120.0,125.0,130.0,135.0,140.0,145.0,152.0,159.0,167.0,179.0,196.0,213.0,88.0
2020-06-17,66.0,74.0,84.0,91.0,97.0,103.0,108.0,113.0,117.0,122.0,127.0,131.0,136.0,142.0,148.0,154.0,161.0,170.0,182.0,200.0,216.0,132.0
2020-06-18,67.0,76.0,86.0,94.0,100.0,105.0,111.0,115.0,120.0,125.0,130.0,135.0,140.0,145.0,151.0,157.0,165.0,174.0,186.0,204.0,221.0,88.0
2020-06-19,69.0,78.0,89.0,96.0,102.0,108.0,113.0,118.0,123.0,128.0,133.0,138.0,143.0,149.0,155.0,162.0,169.0,178.0,190.0,210.0,227.0,107.0
2020-06-20,72.0,80.0,91.0,99.0,106.0,111.0,117.0,122.0,127.0,132.0,137.0,142.0,148.0,153.0,160.0,166.0,174.0,184.0,196.0,216.0,234.0,170.0
2020-06-21,74.0,83.0,94.0,102.0,109.0,115.0,121.0,126.0,131.0,136.0,141.0,147.0,152.0,158.0,164.0,171.0,179.0,189.0,202.0,222.0,241.0,135.0
2020-06-22,76.0,86.0,97.0,106.0,113.0,119.0,124.0,130.0,135.0,141.0,146.0,151.0,157.0,163.0,169.0,177.0,185.0,195.0,208.0,229.0,248.0,129.0
2020-06-23,79.0,89.0,100.0,109.0,116.0,122.0,128.0,134.0,139.0,145.0,150.0,156.0,162.0,168.0,175.0,182.0,191.0,201.0,214.0,235.0,255.0,144.0
2020-06-24,81.0,91.0,104.0,113.0,120.0,126.0,132.0,138.0,144.0,149.0,155.0,161.0,167.0,173.0,180.0,187.0,196.0,207.0,221.0,242.0,262.0,152.0
2020-06-25,84.0,94.0,107.0,116.0,123.0,130.0,136.0,142.0,148.0,154.0,159.0,165.0,171.0,178.0,185.0,193.0,202.0,213.0,227.0,250.0,270.0,202.0
2020-06-26,87.0,97.0,110.0,119.0,127.0,134.0,140.0,146.0,152.0,158.0,164.0,170.0,177.0,183.0,190.0,198.0,208.0,219.0,233.0,256.0,277.0,216.0
2020-06-27,89.0,100.0,113.0,123.0,131.0,138.0,144.0,150.0,156.0,163.0,169.0,175.0,181.0,188.0,196.0,204.0,213.0,225.0,240.0,263.0,285.0,211.0
2020-06-28,92.0,103.0,117.0,126.0,135.0,142.0,149.0,155.0,161.0,167.0,174.0,180.0,187.0,194.0,201.0,210.0,219.0,231.0,246.0,270.0,292.0,190.0
2020-06-29,95.0,106.0,120.0,130.0,138.0,146.0,153.0,159.0,166.0,172.0,178.0,185.0,192.0,199.0,207.0,215.0,225.0,237.0,253.0,278.0,301.0,173.0
2020-06-30,97.0,109.0,123.0,134.0,142.0,150.0,157.0,164.0,170.0,177.0,183.0,190.0,197.0,205.0,212.0,221.0,231.0,244.0,260.0,285.0,308.0,165.0
2020-07-01,100.0,112.0,127.0,137.0,146.0,154.0,161.0,168.0,175.0,182.0,188.0,195.0,202.0,210.0,218.0,227.0,238.0,250.0,267.0,293.0,317.0,129.0
2020-07-02,103.0,115.0,130.0,141.0,150.0,158.0,166.0,173.0,180.0,187.0,193.0,201.0,208.0,216.0,224.0,234.0,244.0,257.0,274.0,301.0,326.0,244.0
2020-07-03,106.0,118.0,134.0,145.0,154.0,162.0,170.0,177.0,185.0,192.0,199.0,206.0,214.0,221.0,230.0,240.0,251.0,264.0,282.0,309.0,334.0,256.0
2020-07-04,108.0,121.0,137.0,149.0,158.0,167.0,175.0,182.0,189.0,197.0,204.0,211.0,219.0,227.0,236.0,246.0,257.0,271.0,289.0,317.0,342.0,287.0
2020-07-05,112.0,125.0,141.0,153.0,163.0,171.0,179.0,187.0,195.0,202.0,209.0,217.0,225.0,233.0,242.0,253.0,264.0,278.0,297.0,326.0,352.0,193.0
2020-07-06,115.0,128.0,145.0,157.0,167.0,176.0,184.0,192.0,200.0,207.0,215.0,223.0,231.0,240.0,249.0,259.0,271.0,285.0,304.0,334.0,360.0,251.0
2020-07-07,118.0,131.0,149.0,161.0,171.0,180.0,189.0,197.0,205.0,213.0,221.0,229.0,237.0,246.0,256.0,266.0,278.0,293.0,312.0,342.0,370.0,220.0
2020-07-08,121.0,135.0,153.0,165.0,176.0,185.75,194.0,202.0,210.0,218.0,226.0,235.0,243.0,252.0,262.0,273.0,286.0,301.0,321.0,352.0,380.0,290.0
2020-07-09,124.0,139.0,157.0,170.0,181.0,190.0,199.0,208.0,216.0,224.0,232.0,241.0,250.0,259.0,269.0,280.0,293.0,308.0,329.0,361.0,390.0,234.0
2020-07-10,128.0,142.0,161.0,174.0,185.0,195.0,204.0,213.0,221.0,230.0,238.0,247.0,256.0,265.0,276.0,287.0,300.0,316.0,337.0,369.0,399.0,298.0
2020-07-11,131.0,146.0,165.0,178.0,190.0,200.0,209.0,218.0,227.0,235.0,244.0,253.0,262.0,272.0,283.0,294.0,308.0,324.0,345.0,378.0,410.0,224.0
2020-07-12,134.0,150.0,169.0,183.0,195.0,205.0,215.0,224.0,233.0,241.0,250.0,259.0,269.0,279.0,290.0,302.0,316.0,332.0,354.0,388.0,419.0,255.0
2020-07-13,137.0,153.0,173.0,187.0,199.0,210.0,220.0,229.0,238.0,247.0,256.0,266.0,275.0,286.0,297.0,309.0,323.0,341.0,363.0,398.0,430.0,263.0
2020-07-14,141.0,157.0,178.0,192.0,204.0,215.0,225.0,235.0,244.0,253.0,263.0,272.0,282.0,293.0,304.0,317.0,332.0,349.0,372.0,408.0,441.0,223.0
2020-07-15,144.0,161.0,182.0,197.0,209.0,220.0,231.0,240.0,250.0,259.0,269.0,279.0,289.0,300.0,312.0,325.0,339.0,358.0,381.0,418.0,452.0,327.0
2020-07-16,147.0,165.0,186.0,201.0,214.0,226.0,236.0,246.0,256.0,266.0,276.0,286.0,296.0,307.0,319.0,333.0,348.0,366.0,390.0,428.0,463.0,297.0
2020-07-17,150.0,168.0,190.0,206.0,219.0,231.0,242.0,252.0,262.0,272.0,282.0,293.0,303.0,315.0,327.0,341.0,356.0,375.0,399.0,438.0,475.0,318.0
2020-07-18,154.0,172.0,195.0,211.0,224.0,237.0,248.0,258.0,269.0,279.0,289.0,299.0,310.0,322.0,335.0,349.0,365.0,384.0,409.0,449.0,486.0,280.0
2020-07-19,158.0,176.0,199.0,216.0,229.0,242.0,253.0,264.0,274.0,285.0,296.0,307.0,318.0,330.0,343.0,357.0,373.0,393.0,420.0,461.0,498.0,235.0
2020-07-20,161.0,180.0,204.0,221.0,235.0,247.0,259.0,270.0,281.0,292.0,302.0,313.0,325.0,337.0,350.0,365.0,382.0,402.0,429.0,470.0,509.0,244.0
2020-07-21,165.0,184.0,208.0,226.0,240.0,253.0,265.0,276.0,287.0,298.0,309.0,320.0,332.0,344.0,358.0,373.0,391.0,411.0,439.0,482.0,522.0,302.0
2020-07-22,168.0,188.0,213.0,230.0,245.0,258.0,270.0,282.0,293.0,304.0,316.0,327.0,339.0,352.0,366.0,381.0,399.0,420.0,449.0,493.0,534.0,311.0
2020-07-23,172.0,192.0,217.0,235.0,250.0,264.0,276.0,288.0,299.0,311.0,322.0,334.0,347.0,360.0,374.0,390.0,408.0,430.0,459.0,504.0,547.0,335.0
2020-07-24,175.0,195.0,221.0,240.0,255.0,269.0,282.0,294.0,306.0,318.0,330.0,342.0,355.0,368.0,383.0,399.0,418.0,440.0,470.0,516.0,561.0,312.0
2020-07-25,179.0,200.0,226.0,245.0,261.0,275.0,288.0,300.0,312.0,324.0,337.0,349.0,362.0,376.0,391.0,408.0,427.0,450.0,480.0,529.0,572.0,313.0
2020-07-26,181.0,203.0,230.0,250.0,266.0,280.0,293.0,306.0,318.0,331.0,343.0,356.0,369.0,383.0,399.0,416.0,436.0,459.0,490.0,539.0,586.0,265.0
2020-07-27,186.0,207.0,235.0,255.0,271.0,286.0,299.0,312.0,325.0,338.0,351.0,364.0,378.0,392.0,408.0,425.0,445.0,469.0,502.0,553.0,601.0,449.0
2020-07-28,188.0,211.0,239.0,259.0,275.0,291.0,304.0,318.0,331.0,344.0,357.0,370.0,384.0,400.0,416.0,434.0,454.0,479.0,512.0,565.0,614.0,-999.0
2020-07-29,191.0,214.0,243.0,264.0,281.0,297.0,311.0,325.0,338.0,351.0,365.0,379.0,393.0,408.0,425.0,444.0,465.0,491.0,524.0,578.0,629.0,-999.0
2020-07-30,195.0,218.0,248.0,269.0,287.0,302.0,317.0,331.0,345.0,358.0,372.0,386.0,401.0,417.0,434.0,453.0,475.0,501.0,535.0,590.0,641.0,-999.0
2020-07-31,197.0,221.0,251.0,274.0,292.0,308.0,323.0,337.0,351.0,365.0,379.0,394.0,409.0,425.0,443.0,462.0,484.0,511.0,547.0,605.0,659.0,-999.0
2020-08-01,199.0,224.0,255.0,278.0,296.0,313.0,329.0,344.0,358.0,372.0,387.0,402.0,417.0,434.0,452.0,472.0,495.0,523.0,560.0,619.0,674.0,-999.0
2020-08-02,203.0,228.0,259.0,282.0,302.0,319.0,335.0,350.0,365.0,379.0,394.0,410.0,426.0,443.0,461.0,481.0,505.0,533.0,570.0,630.0,687.0,-999.0
2020-08-03,205.0,230.0,263.0,286.0,306.0,323.0,340.0,355.0,370.0,386.0,401.0,417.0,433.0,451.0,470.0,491.0,516.0,545.0,584.0,646.0,704.0,-999.0
2020-08-04,207.0,234.0,267.0,291.0,311.0,329.0,346.0,362.0,378.0,393.0,409.0,425.0,442.0,460.0,480.0,502.0,526.0,556.0,596.0,659.0,719.0,-999.0
2020-08-05,208.0,235.0,270.0,295.0,316.0,334.0,351.0,367.0,384.0,400.0,416.0,433.0,450.0,468.0,488.0,511.0,537.0,568.0,610.0,675.0,736.0,-999.0
2020-08-06,210.0,239.0,273.0,299.0,320.0,339.0,357.0,374.0,391.0,407.0,424.0,441.0,459.0,478.0,498.0,521.0,547.0,580.0,622.0,689.0,753.0,-999.0
2020-08-07,213.0,241.0,277.0,303.0,325.0,345.0,363.0,380.0,397.0,414.0,431.0,449.0,467.0,487.0,508.0,531.0,558.0,591.0,635.0,704.0,769.0,-999.0
2020-08-08,214.0,243.0,280.0,307.0,329.0,349.0,368.0,386.0,403.0,421.0,438.0,456.0,475.0,495.0,517.0,541.0,569.0,603.0,648.0,720.0,788.0,-999.0
2020-08-09,214.0,244.0,283.0,310.0,333.0,354.0,373.0,391.0,409.0,427.0,445.0,464.0,483.0,504.0,526.0,551.0,580.0,615.0,661.0,734.0,803.0,-999.0
2020-08-10,214.0,246.0,285.0,314.0,338.0,359.0,379.0,397.0,416.0,434.0,453.0,472.0,492.0,513.0,535.0,561.0,590.0,626.0,674.0,750.0,821.0,-999.0
