"","2.5 percentile","5 percentile","10 percentile","15 percentile","20 percentile","25 percentile","30 percentile","35 percentile","40 percentile","45 percentile","50 percentile","55 percentile","60 percentile","65 percentile","70 percentile","75 percentile","80 percentile","85 percentile","90 percentile","95 percentile","97.5 percentile","ConfirmedCases"
"2020-01-21",0,0,0,0,0,0,0,0,0,0,0,0,0,0,0,0,0,0,0,0,0,0
"2020-01-22",0,0,0,0,0,0,0,0,0,0,0,0,0,0,0,0,0,0,0,0,0,0
"2020-01-23",0,0,0,0,0,0,0,0,0,0,0,0,0,0,0,0,0,0,0,0,0,0
"2020-01-24",0,0,0,0,0,0,0,0,0,0,0,0,0,0,0,0,0,0,0,0,0,0
"2020-01-25",0,0,0,0,0,0,0,0,0,0,0,0,0,0,0,0,0,0,0,0,0,0
"2020-01-26",0,0,0,0,0,0,0,0,0,0,0,0,0,0,0,0,0,0,0,0,0,0
"2020-01-27",0,0,0,0,0,0,0,0,0,0,0,0,0,0,0,0,0,0,0,0,0,0
"2020-01-28",0,0,0,0,0,0,0,0,0,0,0,0,0,0,0,0,0,0,0,0,1,0
"2020-01-29",0,0,0,0,0,0,0,0,0,0,0,0,0,0,0,0,0,0,0,0,1,0
"2020-01-30",0,0,0,0,0,0,0,0,0,0,0,0,0,0,0,0,0,0,0,0,1,0
"2020-01-31",0,0,0,0,0,0,0,0,0,0,0,0,0,0,0,0,0,0,0,0,1,0
"2020-02-01",0,0,0,0,0,0,0,0,0,0,0,0,0,0,0,0,0,0,0,1,1,0
"2020-02-02",0,0,0,0,0,0,0,0,0,0,0,0,0,0,0,0,0,0,0,1,1,0
"2020-02-03",0,0,0,0,0,0,0,0,0,0,0,0,0,0,0,0,0,0,0,1,1,0
"2020-02-04",0,0,0,0,0,0,0,0,0,0,0,0,0,0,0,0,0,0,0,1,1,0
"2020-02-05",0,0,0,0,0,0,0,0,0,0,0,0,0,0,0,0,0,0,0,1,1,0
"2020-02-06",0,0,0,0,0,0,0,0,0,0,0,0,0,0,0,0,0,0,1,1,1,0
"2020-02-07",0,0,0,0,0,0,0,0,0,0,0,0,0,0,0,0,0,0,1,1,1,0
"2020-02-08",0,0,0,0,0,0,0,0,0,0,0,0,0,0,0,0,0,0,1,1,1,0
"2020-02-09",0,0,0,0,0,0,0,0,0,0,0,0,0,0,0,0,0,1,1,1,2,0
"2020-02-10",0,0,0,0,0,0,0,0,0,0,0,0,0,0,0,0,0,1,1,1,2,0
"2020-02-11",0,0,0,0,0,0,0,0,0,0,0,0,0,0,0,0,1,1,1,1,2,0
"2020-02-12",0,0,0,0,0,0,0,0,0,0,0,0,0,0,0,0,1,1,1,2,2,0
"2020-02-13",0,0,0,0,0,0,0,0,0,0,0,0,0,0,0,1,1,1,1,2,2,0
"2020-02-14",0,0,0,0,0,0,0,0,0,0,0,0,0,0,1,1,1,1,1,2,3,0
"2020-02-15",0,0,0,0,0,0,0,0,0,0,0,0,0,0,1,1,1,1,2,2,3,0
"2020-02-16",0,0,0,0,0,0,0,0,0,0,0,0,0,1,1,1,1,1,2,3,3,0
"2020-02-17",0,0,0,0,0,0,0,0,0,0,0,0,1,1,1,1,1,2,2,3,4,0
"2020-02-18",0,0,0,0,0,0,0,0,0,0,0,1,1,1,1,1,2,2,2,3,4,0
"2020-02-19",0,0,0,0,0,0,0,0,0,0,0,1,1,1,1,1,2,2,3,4,5,0
"2020-02-20",0,0,0,0,0,0,0,0,0,0,1,1,1,1,1,2,2,2,3,4,5,0
"2020-02-21",0,0,0,0,0,0,0,0,0,1,1,1,1,1,2,2,2,3,4,5,6,0
"2020-02-22",0,0,0,0,0,0,0,0,1,1,1,1,1,2,2,2,3,3,4,5,7,0
"2020-02-23",0,0,0,0,0,0,0,1,1,1,1,1,2,2,2,3,3,4,5,6,8,0
"2020-02-24",0,0,0,0,0,0,0,1,1,1,1,2,2,2,3,3,4,4,5,7,9,0
"2020-02-25",0,0,0,0,0,0,1,1,1,1,2,2,2,3,3,4,4,5,6,8,10,0
"2020-02-26",0,0,0,0,0,1,1,1,1,2,2,2,3,3,4,4,5,6,7,10,12,0
"2020-02-27",0,0,0,0,0,1,1,1,2,2,2,3,3,4,4,5,6,7,9,11,14,0
"2020-02-28",0,0,0,0,1,1,1,2,2,2,3,3,4,4,5,6,7,8,10,13,16,0
"2020-02-29",0,0,0,0,1,1,1,2,2,3,3,4,4,5,6,7,8,10,12,15,19,0
"2020-03-01",0,0,0,1,1,1,2,2,3,3,4,5,5,6,7,8,9,11,14,18,22,0
"2020-03-02",0,0,0,1,1,2,2,3,3,4,5,5,6,7,8,9,11,13,16,21,25,0
"2020-03-03",0,0,0,1,1,2,3,3,4,5,5,6,7,8,10,11,13,15,18,24,30,0
"2020-03-04",0,0,1,1,2,2,3,4,5,5,6,7,8,10,11,13,15,18,21,28,34,0
"2020-03-05",0,0,1,2,2,3,4,5,6,7,8,9,10,12,13,15,18,21,25,33,41,0
"2020-03-06",0,0,1,2,3,4,4,5,6,8,9,10,12,13,15,18,21,24,29,38,47,0
"2020-03-07",0,0,1,2,3,4,5,6,8,9,11,12,14,16,18,21,24,29,35,45,55,0
"2020-03-08",0,1,2,3,4,5,6,8,9,11,12,14,16,19,21,24,28,33,40,53,64,2
"2020-03-09",0,1,2,3,5,6,8,9,11,13,15,17,19,22,25,29,33,39,47.1000000000058,62,76,0
"2020-03-10",0,1,2,4,6,7,9,11,13,15,17,20,22,26,29,34,39,46,55,72,88,3
"2020-03-11",0,1,3,5,6,8,10,13,15,17,20,23,26,30,34,40,46,54,65,85,105,9
"2020-03-12",1,2,4,6,8,10,12,15,17,20,24,27,31,35,41,46,54,63,77,99,121,6
"2020-03-13",1,2,4,7,9,12,14,17,21,24,28,32,36,41,47,54,63,74,90,117,144,14
"2020-03-14",1,2,5,8,11,14,17,21,24,28,33,37,43,49,56,64,74,87,105,136,168,1
"2020-03-15",1,3,6,9,13,16,20,24,29,33,38,44,50,57,65,75,87,102,123,160,196,8
"2020-03-16",2,3,7,11,15,19,24,28,34,39,45,52,59,67,77,88,102,119,144,188,231,15
"2020-03-17",2,4,9,13,18,23,28,33,39,46,52,60,69,78,89,103,119,140,169,221,271,228
"2020-03-18",2,5,10,15,21,27,33,39,46,54,62,71,81,93,106,121,140,165,200,259,321,210
"2020-03-19",3,6,12,18,25,31,39,46,55,64,73,84,96,110,126,144,167,195,236,307,380,196
"2020-03-20",3,7,14,21,29,37,45,54,63,74,85,98,112,127,145,166,192,225,272,355,438,217
"2020-03-21",4,8,16,25,34,43,53,64,75,87,100,115,131,150,171,197,227,268,324,419,520,249
"2020-03-22",5,10,19,30,40,51,63,75,88,103,118,135,154,176,201,231,267,313,378,488,603,390
"2020-03-23",6,11,23,35,47,60,73,87,103,119,137,158,180,205,234,269,311,366,443,575,710,425
"2020-03-24",7,13,27,41,55,70,86,103,121,141,162,186,212,242,276,317,366,430,522,677,841,495
"2020-03-25",8,16,32,48,65,82,101,121,142,165,190,218,249,285,326,374,432,507,613,796,983,620
"2020-03-26",9,19,37,56,76,97,119,141,167,194,223,256,291,333,380,436,505,595,722,937,1159,841
"2020-03-27",11,22,43,66,89,113,138,166,195,227,262,301,343,391,446,512,592,695,843,1101,1357,648
"2020-03-28",13,26,51,78,105,133,163,195,231,268,309,354,403,459,523,600,697,819,990,1291,1592,832
"2020-03-29",15,31,61,92,124,158,193,230,270,314,362,415,473.399999999994,540,616,709,818,962,1165,1518,1877,919
"2020-03-30",18,36,71,107,143,182,223,267,314,365,421,483,552,631,719,825.25,955,1124,1356,1774,2201,1290
"2020-03-31",21,42,83,125,169,215,263,315,370,429,494,567,647,740,846,971,1126,1321,1599,2088,2585,1197
"2020-04-01",26,49,97,146,197,251,308,367,432,502,577,663,756,861,983,1127,1304,1532,1857,2401,2965.02499999999,1590
"2020-04-02",29,57,112,169,228,288,353,423,496,577,665,763,872,993,1132,1297,1502,1765,2136,2785,3444,1221
"2020-04-03",32,62,124,187,252,320,393,470,552,642,739,847,966,1103,1253,1438,1663,1963,2381,3103,3829.02499999999,1243
"2020-04-04",35,67,133,200,270,341,418,500,587,683,788,904,1032,1175,1341,1538,1781,2092,2529,3273,4031.04999999999,1242
"2020-04-05",35,68,133,200,269,341,419,501,586,681,785,902,1029,1172,1337,1539,1771,2087,2527,3304,4061,1424
"2020-04-06",32,64,127,190,256,326,398,478,562,653,752,862,985,1124,1288,1476,1708,2015,2436,3201.04999999999,3974.02499999999,1102
"2020-04-07",31,61,120,180,243,309,379,452,532,619,714,818,932,1065,1216,1393,1612,1901,2307,3012,3743,906
"2020-04-08",29,58,113,170,228,291,357,427,502,584,675,772,882,1008,1151,1322,1529,1804,2192,2843,3508,942
"2020-04-09",27,54,106,159,215,274,337,404,475.600000000006,552,636,729,829,946,1080,1243,1439,1692,2055.10000000001,2675,3303,923
"2020-04-10",27,52,103,153,206,261,322,385,455,527,608,695,793,904,1033,1184,1369,1607,1939,2516.04999999999,3107,434
"2020-04-11",25,49,98,147,196,250,307,366,432,501,578,661,756,860,983,1126,1303,1534,1856,2405,2966,834
"2020-04-12",25,47,92,139,189,240,294,352,414,481,554,632,721,822,940,1078,1248,1469,1770,2291,2825,1083
"2020-04-13",23,44,89.9000000000015,135,182,232,284,340,399,463,534,610,697,794,904,1038,1199,1405,1704,2215,2740,849
"2020-04-14",22,44,86,129,174,220,270,325,381,443,512,588,671,765,872,1000,1156,1357,1640,2122,2603.02499999999,895
"2020-04-15",21,42,83,124,167,212,261,313,369,427,492,564,641,731,832,957,1109,1299,1570,2034.04999999999,2496.02499999999,526
"2020-04-16",21,41,80,121,162,207,254,303,356,413,475,543,620,707,808,924,1068,1255,1513,1961,2421.02499999999,477
"2020-04-17",20,39,77,116,156,198,244,291,342,397,457,523,595,679,774,885,1024,1204,1457,1885,2315,432
"2020-04-18",20,38,74,111,150,191,233,278,325,380,437,499,570,650,744,857,992,1159,1406,1818,2246,374
"2020-04-19",18,36,71,107,144,183,223,267,314,364,420,482,550,627,716,822,950,1114,1341,1731,2127,614
"2020-04-20",18,35,68,102,138,176,216,258,303,351,405,465,530,605,692,794,917,1077,1303,1687,2070,584
"2020-04-21",17,33,66,99,133,169,208,250,293,339.550000000003,391,447,510,581,662,759,878,1031,1245.10000000001,1617,1991,860
"2020-04-22",17,33,64,96,129,164,200,240,282,327,376,431,491,561,640,733,846,994,1198,1554,1915,759
"2020-04-23",16,30,60,91,123,156,192,229,269,313,360,413,471,536,611,702,811,957,1155,1498,1848,341
"2020-04-24",15,29,58,88,119,151,185,221,260,302,348,399,456,520,593,678,784,919,1112,1453,1782,325
"2020-04-25",14,29,56,85,114,145,177,212,250,289,333,381,435,495,564,646,750,879,1062.10000000001,1377,1693.02499999999,170
"2020-04-26",14,27,54,81,109,139,170,203,239,278,320,368,419,478,546,625,721,845,1022,1321,1631,508
"2020-04-27",13,26,51,77,105,133,164,195,230,268,309,354,403,461,527,603,697,818,988,1283,1582,573
"2020-04-28",12,25,50,76,101,128,157,188,221,256,296,340,387,442,505,577,668,786,955,1234,1517,453
"2020-04-29",12,24,48,72,97,124,152,182,213,247,285,326,372,424,483,555,642,754,913,1186,1464,528
"2020-04-30",12,23,46,69,93,118,145,173,204,237,274,313,358,408,465,535,618,726,876,1141,1414,245
"2020-05-01",11,22,44,67,90,114,140,167,197,228,262,301,344,392,448,514,595,700,847,1111,1369,343
"2020-05-02",11,21,42,63,86,110,134,161,189,220,254,291,331,377.350000000006,432,495,573,672,815,1059,1301,-21
"2020-05-03",10,21,41,61,82,105,129,154,181,210,241,277,315,360,411,473,549,644,781,1014,1256,164
"2020-05-04",10,20,39,59,80,101,124,149,175,203,234,268,305,347,396,454,526,619,749,975,1203,280
"2020-05-05",10,19,38,57,77,98,119,143,168,195,225,258,295,337,385,442,510,602,729,946.049999999988,1168,196
"2020-05-06",9,18,36,54,73,93,114,137,161,187,215,247,282,322,367,422,489,575,698,910.049999999988,1121,301
"2020-05-07",9,17,35,52,71,90,110,131,155,180,208,237,272,310,355,407,471,553,670,876,1074,227
"2020-05-08",8,17,33,50,68,86,106,126,149,172,199,228,261,298,340,390,454,533,647,847,1041,191
"2020-05-09",8,16,32,48,65,82,101,122,144,167,192,219,250,285,327,374,434,511,619,806,999,159
"2020-05-10",8,15,31,47,63,79,97,117,138,160,184,211,241,274,315,362,421,495,598,782,965,152
"2020-05-11",7,14,29,44,60,76,94,113,133,155,179,205,233,267,304,349,405,477,578,754,933,212
"2020-05-12",7,14,29,43,58,74,91,109,128,149,172,197,225,257,294,339,391,461,560,726.049999999988,897,623
"2020-05-13",7,14,27,41,56,71,88,105,124,144,165,190,216,247,283,325,377,445,539,705,870,205
"2020-05-14",7,13,27,41,55,69,85,102,120,139,160,184,210,240,274,315,366,430,520,678,834.024999999994,205
"2020-05-15",6,13,26,39,52,67,82,99,116,135,156,178,203,232,265,306,354,415,503,660,814,109
"2020-05-16",6,13,25,38,51,65,80,96,113,131,151,173,197,225,257,295,341,401,489,633,783,294
"2020-05-17",6,12,25,37,50,63,78,93,110,128,147,169,192,219,250,287,333,391,475,619,766.024999999994,223
"2020-05-18",6,12,24,36,49,62,76,91,107,125,143,164,188,214,244,280,324,381,462,600,741,215
"2020-05-19",6,12,23,35,47,60,74,88,104,122,140,161,184,209,239,275,317,373,451,589,727.024999999994,147
"2020-05-20",6,11,23,35,47,60,74,88,104,121,139,159,182,207,236,270,313,368,444,577,714,101
"2020-05-21",6,11,23,35,47,59,73,87,102,118,137,157,179,204,233,268,309,362,438,568,701,200
"2020-05-22",6,11,23,34,46,59,72,87,102,118,136,156,178,203,231,265,307,360,435,566,697,130
"2020-05-23",6,11,23,34,46,58,72,86,101,117,135,155,177,201,230,264,307,359,433,566,696,72
"2020-05-24",6,11,22,34,46,59,72,86,101,118,135,155,178,203,232,265,306,359,435,566,698,137
"2020-05-25",6,11,23,34,46,59,72,86,102,118,137,157,179,203,232,266,307,362,439,569,701,122
"2020-05-26",6,11,23,35,47,59,73,87,102,119,137,157,179,205,233,267,309,364,440,573,705,116
"2020-05-27",6,12,23,35,47,60,74,89,104,121,140,160,182,208,237,272,315,368,446,578,714,242
"2020-05-28",6,12,23,36,48,61,75,89,105,122,141,162,184,210,240,275,318,374,454,587,723,44
"2020-05-29",6,12,23,36,48,61,76,91,107,124,143,163,187,213,243,279,322,378,458,593,725,352
"2020-05-30",6,12,24,36,49,62,76,91,108,125,144,165,188,215,245,282,326,382,463,597,738,237
"2020-05-31",6,12,24,37,50,64,78,93,109,126,146,167,190,216,247,284,328,385,465,604,741.024999999994,60
"2020-06-01",6,12,25,37,50,64,78,93,109,127,147,168,192,219,250,287,331,389,471,612,752,230
"2020-06-02",6,13,25,37,50,64,79,94,111,129,148,169,193,221,253,290,335,393,475,615,758,93
"2020-06-03",6,12,25,38,51,65,80,95,112,129,149,171,195,222,254,291,336,395,478,620,762,3012
"2020-06-04",6,13,26,38,51,65,80,96,113,131,151,172,196,224,256,293,338,398,482,622,766,280
"2020-06-05",6,13,26,39,52,66,81,97,114,132,153,174,199,228,260,298,343,403,486,631,779,309
"2020-06-06",6,13,26,39,52,67,82,98,115,134,154,177,201,229,262,300,346,407,491,635,778,216
"2020-06-07",6,13,26,39,53,68,83,99,116,135,155,177,202,230,262,300,346,406,491,637,784,196
"2020-06-08",7,13,26,39,53,68,83,100,117,136,156.5,179,205,233,266,305,354,414,501,648,801,48
"2020-06-09",6,13,26,40,54,68,83,100,118,137,158,181,206,235,268,307,354,415,501,650,798,87
"2020-06-10",6,13,26,40,54,69,84,100,118,137,158,181,206,235,268,308,355,416,503,652,805,45
"2020-06-11",7,13,27,41,55,69,85,101,119,138,159,183,208,237,271,311,360,422,510,666,820,86
"2020-06-12",7,14,27,40,55,69,85,102,120,139,160,183,210,239,273,312,361,424,511,663,814,64
"2020-06-13",7,13,27,41,55,70,86,103,122,141,163,186,212,242,276,317,366,429,517,674,824,63
"2020-06-14",7,14,27,42,56,71,87,104,122,142,163,187,214,243,278,318,368,433,521,675,831,105
"2020-06-15",7,14,28,42,57,72,88,105,124,143,165,189,216,247,281,322,372,437,528,683,841,118
"2020-06-16",7,14,28,42,57,72,88,106,125,145,167,191,218,248,284,325,375,439,530,684,843,108
"2020-06-17",7,14,28,42,57,72,89,106,125,145,168,192,219,250,285,327,378,442,534,691,849,136
"2020-06-18",7,14,28,43,58,73,90,108,126,147,169,194,221,252,288,330,380,446,539,696,857,296
"2020-06-19",7,14,28,43,58,74,90,108,127,148,170,194,222,252,287,330,382,449,542,700,858,78
"2020-06-20",7,14,29,43,58,74,91,109,128,149,172,197,225,256,292,335,386,452,545,704,864,145
"2020-06-21",7,14,29,44,59,75,92,110,129,150,172,197,224,256,292,335,387,454,546,709,871,131
"2020-06-22",7,15,29,44,60,76,93,111,130,151,173,199,227,259,295,339,391,459,553,716.049999999988,876,121
"2020-06-23",7,15,29,44,60,76,93,112,131,153,176,201,230,262,299,342,394,462,556,720,889,193
"2020-06-24",7,15,30,45,61,77,94,112,131,153,176,202,230,263,299,343,397,466,562,728,895,98
"2020-06-25",7,15,30,45,61,77,94,113,133,154,178,204,233,265,302,346,400,468,565,730,899,176
"2020-06-26",8,15,30,45,61,77,95,113,133,154,178,204,233,266,303,347,400,469,568,739,908.024999999994,100
"2020-06-27",8,15,30,45,62,78,96,115,134,156,180,205,234,268,305,349,404,475,573,744,918,109
"2020-06-28",8,16,31,46,62,79,97,115,135,157,181,207,237,270,308,353,407,477,577,749,921,233
"2020-06-29",8,15,31,46,62,79,97,117,137,159.550000000003,184,210,239,273,311,356,411,482,582,752,919,203
"2020-06-30",8,16,31,47,63,80,99,118,138,160,184,211,240,273,312,357,413,483,583,757,937,255
"2020-07-01",8,16,31,46,63,80,98,117,138,161,184,212,242,276,314,360.25,416,488,590,765,938,155
"2020-07-02",8,16,32,47,63,81,99,118,139,161,186,213,244,278,316,362,418,490,591,759,935.024999999994,147
"2020-07-03",8,16,32,48,64,82,100,120,140,163,188,215,246,280,320,365,423,495,595,769,944,108
"2020-07-04",8,16,31,47,64,81.75,100,120,141,163,188,216,246,281,321,368,425,499,601,777,954,152
"2020-07-05",8,16,32,48,65,82,101,121,142,165,190,218,248,282,323,370,426,499,602,782,964,295
"2020-07-06",8,16,32,48,65,83,102,122,143,167,192,219,250,285,326,372,429,503,609,786,964,286
"2020-07-07",8,16,32,48,65,83,102,122,143,166,191,219,250,285,325,373,429,504,610,787,968,234
"2020-07-08",8,16,32,49,66,84,103,123,144,168,193,221,252,287,327,376,433,509,614.100000000006,792,970,247
"2020-07-09",8,16,33,49,66,84,103,124,146,169,195,223,254,289,329,377,436,512,618,797.049999999988,977,212
"2020-07-10",8,16,33,49,67,85,104,124,146,170,196,224,255,291,332,379,438,514,621,804,986,212
"2020-07-11",8,17,33,50,68,86,105,125,147,170,196,225,257,293,334,382,441,517,625,809,993,190
"2020-07-12",8,17,34,50,68,86,105,127,149,173,199,227,259,294,335,384,443,521,632,815,1003,313
"2020-07-13",8,17,33,50,67,86,105,126,148,172,199,227,259,296,338,387,448,523,634,822,1006,594
"2020-07-14",9,17,33,51,68,87,106,127,150,174,200,228,260,295,336,386,448,525,632,820,1004.02499999999,504
"2020-07-15",9,17,34,50,68,87,107,128,151,175,202,231,263,299,341,390,450,528,640,827,1016,334
"2020-07-16",9,17,34,51,69,88,108,129,152,176,202,231,264,300,342,392,454,532,643,831,1015,272
"2020-07-17",8,17,34,51,70,88,108,129,151.600000000006,177,204,234,266,303,345,396,457,537,650,840,1030,243
"2020-07-18",9,17,34,52,70,89,109,130,153,177,204,233,267,305,347,398,459,538,651,838.049999999988,1028,209
"2020-07-19",9,18,35,53,71,90,110,131,154,178,205,235,269,307,350,400,463,541,656,850,1043,352
"2020-07-20",9,17,35,52,70,90,110,131,155,180,207,237,271,308,352,403,465,547,661,848,1050,363
"2020-07-21",9,18,35,52,71,90,110,131,155,179,206,236,269,306,349,399,463,544,656,852,1042,272
"2020-07-22",9,18,35,53,71,90,111,132,155,180,208,237,271,309,353,403,466,545,657,851,1040,325
"2020-07-23",9,17,35,53,71,91,111,133,156,181,208,238,272,310,353,404,467,548,662,855,1055,193
"2020-07-24",9,18,35,53,73,92,113,135,158,184,211,241,275,313,357,409,473,554,668,863,1061,557
"2020-07-25",9,18,35,53,72,92,112,134,157,182,210,241,276,314,358,410,473,554,668,864,1064,282
"2020-07-26",9,18,36,54,73,92,113,135,158,184,212,243,277,316,360,412,475,556,673,872.049999999988,1072,350
"2020-07-27",9,18,36,54,73,92,113,135,159,185,213,244,278,316,361,413,478,560,678,873,1076.02499999999,673
"2020-07-28",9,18,36,54,73,92,113,135,159,185,213,243,278,317,361,415,480,564,677,878,1075,532
"2020-07-29",9,18,36,55,74,93,115,138,162,189,217,248,283,322,368,421,483,565,682,882,1078,424
"2020-07-30",9,18,36,55,74,94,115,137,162,188,216,247,281,320,365,418,482,566,683,887,1096,367
"2020-07-31",9,18,36,55,74,94,116,138,162,188,217,248,283,322,368,421,487,569,686,888,1091,149
"2020-08-01",9,18,37,55,74,94,115,138,163,190,218,250,285,324,369,424,489.200000000012,572,692,895,1097,381
"2020-08-02",9,18,36,55,74,95,116,138,163,189,217,248,283,322,368,422,489,573,692,897,1102,413
"2020-08-03",10,19,37,56,75,95,117,140,164,191,220,251,287,327,373,427,492,576,696,900,1101,331
"2020-08-04",10,19,37,56,74,94,116,139,163,189,218,250,286,326,372,428,494,578,701,907,1118,422
"2020-08-05",10,19,37,55,75,96,118,141,165,193,222,254,290,330,376,431,497,583,699,905,1109,417
"2020-08-06",9,19,37,56,76,96,117,141,166,192,221,253,289,329,375,430,496,584,705,915,1120,414
"2020-08-07",10,19,37,56,76,96,118,141,166,192,222,254,290,331,377,432,499,586,710,919,1126.02499999999,246
"2020-08-08",10,19,39,58,78,98,120,143,168,195,224,257,293,333,381,435,503,588,712,916,1119,372
"2020-08-09",10,19,38,57,76,97,119,142,167,194,224,257,293,334,381,438,504,591,714,928,1133,428
"2020-08-10",10,19,38,57,77,98,120,144,169,196,226,259,295,337,384,440,508,596,716,922,1137,227
"2020-08-11",9,18,37,56,76,97,119,143,167,194,224,256,292,333,380,436,504,590,711,916,1127,693
"2020-08-12",10,19,38,57,78,99,122,145,171,198,228,261,297,339,385,442,509,595,717,929,1138,500
"2020-08-13",10,19,38,57,77,98,120,143,169,196,226,259,296,337,384,440,507,596,720,932,1140,465
"2020-08-14",10,19,38,57,77,99,121,145,170,197,227,260,297,339,388,445,514,602,724,933,1147,251
"2020-08-15",10,19,38,58,78,99,121,145,171,199,229,261,298,340,388,445,512,600,725,935,1149,315
"2020-08-16",10,20,38,58,78,100,121,146,172,200,230,262,299,341,388,444,515,605,730,945,1159,381
"2020-08-17",10,19,38,58,78,100,122,146,171,198,229,262,299,341,389,444,513,601,728,942,1165,423
"2020-08-18",10,19,38,58,78,99,122,146,171,199,230,263,300,341,389,445,515,602,730,945,1154.02499999999,276
"2020-08-19",10,20,39,59,79,100,123,147,174,201,232,265,302,344,393,449,518,607,733,950,1171,9
"2020-08-20",10,20,39,58,79,100,123,147,173,201,231,264,300,343,391,448,518,608,732,949,1164,672
"2020-08-21",10,20,39,59,79,101,123,147,174,202,232,265.450000000012,303,344,392,450,519,607,733,950,1166,424
"2020-08-22",10,20,39,59,79,100,123,147,173,201,232,265,302,343,392,449,521,612,738,952,1167,476
"2020-08-23",10,19,39,58,79,101,123,147,173,201,231,265,302,345,393,450,520,608,735,950,1169,384
"2020-08-24",10,20,39,59,79,101,124,149,175,203,233,268,305,347,396,453,524,614,739,954,1174,516
"2020-08-25",10,20,39,59,80,102,124,149,174,203,232,266,305,347,395,452,522,612,742,960,1176,455
"2020-08-26",10,19,39,58,79,100,123,147,173,201,232,266,304,346,396,454,525,615,743,962,1179,363
"2020-08-27",10,20,39,59,80,102,125,149,176,204,235,269,307,349,399,456,527,616,743,964,1182,369
"2020-08-28",10,20,39,59,80,102,125,150,176,204,236,270,308,351,400,458,529,620,748,967,1190,242
"2020-08-29",10,20,40,60,80,102,125,150,176,204,235,269,306,348.350000000006,398,457,526,617,747,968,1188,205
"2020-08-30",10,20,39,59,80,101,124,149,175,204,235,269,307,350,400,459,530,621,751,966,1186,367
"2020-08-31",10,20,39,60,80,102,125,150,176,205,235,269,307,349,399,457,527,618,748,965,1183,277
"2020-09-01",10,20,40,59,80,102,125,150,177,205.550000000003,237,270,307,350,399,458,530,621,750,972,1195,343
"2020-09-02",10,20,39,59,80,102,125,149,175,205,236,270,308,351,399,458,530,620,747,964,1181,418
"2020-09-03",10,20,40,59,80,102,125.699999999997,150,176,204,235,269,307,349,399,455,528,620,750,973,1189,292
"2020-09-04",10,20,40,59,81,102,126,149,176,204.550000000003,236,270,308,351,401,459,531,624,752,972,1191,0
"2020-09-05",10,20,41,60,81,103,126,150,177,206,237,271,310,352,401,460,531,623,752,976,1198,593
"2020-09-06",10,20,40,60,80,102,125,149,176,204,235,269,307,350,400,458,529,620,749,973,1200,260
"2020-09-07",10,19,39,60,80,102,125,150,176,204,236,271,309,352,402,461,532,626,753,977,1208,486
"2020-09-08",10,20,39,59,81,103,127,152,178,207,239,273,311,354,403,462,535,625,754,976,1201,404
"2020-09-09",10,20,40,60,81,103,126,151,177,206,237,271,309,353,402,460,532,624,753,976,1198,671
"2020-09-10",10,20,40,59,80,102,125,149,175,204,234,269,307,350,400,458,530,621,752,976,1197.02499999999,291
"2020-09-11",10,20,40,60,80,102,126,150,177,206,237,270,309,352,402,460,532,626,755,976,1205,0
"2020-09-12",10,20,40,60,81,102,125,149,176,204,236,270,309,352,402,462,532,626,757,985,1205.02499999999,503
"2020-09-13",10,20,40,60,81,103,127,151,177,204,235,270,308,351,401,460,530,622,753,980,1200,280
"2020-09-14",10,20,39,60,81,103,126,151,177,205,237,271,308,352,400,458,529,621,751,973,1197,252
"2020-09-15",10,20,39,60,80,102,126,150,176,204,235,269,308,351,400,460,531,624,755,969,1197,354
"2020-09-16",10,20,40,60,81,102,125,150,177,206,237,271,310,353,403,462,536,628,758,978,1201,227
"2020-09-17",10,20,40,60,81,103,127,151,178,206,237,271,309,352,403,461,533,625,754,977,1206,152
"2020-09-18",10,19,39,59,80,102,125,149,175,204,235,269,307,351,401,460,532,622,751,974,1202,0
"2020-09-19",10,20,39,59,80,102,125,150,176,204,235,269,307,350,400,460,532,624,753,975,1208,617
"2020-09-20",10,20,39,60,81,102,126,150,177,205,236,269,307,350,400,458,530,621,755,977,1201.02499999999,246
"2020-09-21",10,20,39,59,80,102,125,149,175,204,235,269,307,351,400,457,530,622,752,975,1203,297
"2020-09-22",10,20,39,59,80,102,125,150,176,205,236,271,308,352,401,459,530,623,754,978,1203,416
"2020-09-23",10,20,40,60,82,104,127,152,179,208,239,273,312,356,406,465,538,630,761,983,1214,341
"2020-09-24",10,21,40,61,82,105,128,154,181,211,242,277,316,360,411,471,545,641,773,1003,1228,315
"2020-09-25",11,21,41,62,84,106,130,155,183,212.550000000003,245,281,320,366,417,478,554,650,782,1013,1242,2
"2020-09-26",11,21,42,63,85,109,133,159,187,217,250,286,327,372,426,488,564,660,801,1041,1277,414
"2020-09-27",11,22,43,65,87,111,136,162,191,222,256,293,335,381.350000000006,435,499,578,679.149999999994,822,1073,1318,396
"2020-09-28",11,23,45,67,90,115,140,167,197,229,264,302,345,394,450,516,596,699,848,1098,1351,374
"2020-09-29",12,24,47,70,95,120,147,175,206,239,275,315,359,409,467,534,619,727,880,1143,1396,333
"2020-09-30",13,24,47,71,97,123,150,179,211,246,282,324,369,421,480,549,636,748,904,1172,1446,283
"2020-10-01",13,25,49,74,100,127,156,187,219,254,293,334,382,435,496,568,655,768,932,1216,1495,392
"2020-10-02",13,26,52,77,105,133,163,195,229,266,306,350,399,453,517,593,686,807,977,1265,1558,7
"2020-10-03",14,27,54,81,109,139,170,203,238,275,317,363,415,473,539,617,712,836,1016,1311,1626,541
"2020-10-04",15,28,56,84,113,143,175,210,246,285,328,376,429,490,560,641,740,870,1053,1364,1671,403
"2020-10-05",15,30,58,87,117,148,182,217,256,297,341,392,446,508,581,666,769,902,1090,1417,1746.02499999999,396
"2020-10-06",15,30,60,89,120,153,187,224,263,305,352,402,459,525,599,687,793,933,1128,1466,1809.02499999999,468
"2020-10-07",16,32,62,93,125,160,196,234,275,320,368,421,480,547,624,717,829,970,1175,1536,1875,475
"2020-10-08",16,32,63,96,129,163,200,240,283,329,379,433,493,564,644,738,854,1004,1215,1576,1947,548
"2020-10-09",17,34,66,99,134,170,208,250,294,341,392,450,513,585,668,766,886,1040,1257,1632,2004,14
"2020-10-10",18,34,68,103,138,178,218,261,306,355,410,469,534,608,693,795,920,1079,1305,1688,2076,531
"2020-10-11",18,37,71,106,143,182,222,267,313,363,420,482,550,626,714,819,946,1116,1350,1753,2154.02499999999,495
"2020-10-12",19,38,75,113,152,193,236,281,330,384,441,505,574,655,747,854,985,1156,1400,1820,2238,551
"2020-10-13",20,39,77,116,156,199,243,291,341,397,456,522,594,678,774,889,1026,1209,1460,1889.04999999999,2323,837
"2020-10-14",21,41,80,121,161,204,250,301,353,409,470,538,613,700,797,914,1058,1240,1494,1934,2380,702
"2020-10-15",21,41,82,124,166,211,259,310,364,423,487,556,635,722,825,944,1094,1280,1546,2011,2464,20
"2020-10-16",21,43,85,127,171,218,268,321,377,437,502,573,653,745,851,974,1127,1321,1593,2055.04999999999,2542,20
"2020-10-17",23,45,88,132,178,226,276,331,388,450,520,596,679,775,885,1011,1167,1370,1652.10000000001,2134,2604,1344
"2020-10-18",23,46,90,136,184,233,285,341.649999999994,401,465,537,614,701,797,907,1038,1199,1406,1699,2205,2706,674
"2020-10-19",24,47,91.9000000000015,139,188,239,293,351,413,480,552,632,718,820,935,1072,1238,1450,1751.10000000001,2272,2801.02499999999,690
"2020-10-20",25,49,96,145,194,246,302,362,426,496,571,653,745,848,968,1109,1280,1498,1817,2348.04999999999,2905,681
"2020-10-21",26,51,100,149,201,256,314,376,442,512,588,673,766,872,996,1134.25,1310,1538,1861,2396,2959,625
"2020-10-22",26,51,102,152,206,262,322,384,451,524,604,690,786,897,1024,1174,1358,1589,1925,2496,3060,1045
"2020-10-23",28,54,107,160,215,273,334,398,467,541,621,713,813,924,1056,1211,1399,1644,1981,2570,3137,32
"2020-10-24",29,56,110,163,218,277,339,406,476,555,639,733,839,954,1087,1245,1441,1693,2041,2637,3239,1193
"2020-10-25",29,56,111,168,227,288,353,422,496,576,663,759,863,986,1123,1285,1485,1739.14999999999,2104,2718,3326,1035
"2020-10-26",30,59,116,174,235,298,365,436,512,595,683,782,889,1011,1153,1319,1522,1788,2165,2803,3423.02499999999,1363
"2020-10-27",31,61,118,176,238,303,372,444,522,605,698,799,909,1034.35000000001,1180,1348,1559,1827,2210,2859,3513,1254
"2020-10-28",32,62,121,183,246,312,382,456,535,622,714,819,935,1066,1221,1395,1605,1880,2272,2943,3619,1161
"2020-10-29",34,64,124,186,251,320,391.699999999997,468,551,640,738,845,960,1094,1250,1430,1651,1935,2335,3020,3707,1163
"2020-10-30",33,65,127,191,255,324,398,477,561,652,751,859,981,1116,1275,1463.25,1687,1978,2388,3084,3776,37
"2020-10-31",35,66,130,196,266,338,414,497,581,675,774,885,1010,1150,1312,1506,1741,2042,2463,3193,3924,2509
"2020-11-01",36,69,134,201,272,345,422,504,592,689,792,906,1031,1178,1342,1536,1774,2082,2520,3250,3984,1174
"2020-11-02",35,69,136,205,278,353,433,516,607,704,811,927,1056,1203,1373,1576,1815,2126,2571,3335,4086,1422
"2020-11-03",36,71,141,213,286,362,443,528,621,721,828,952,1084,1232,1408,1610,1861,2181,2637,3414,4213.02499999999,2073
"2020-11-04",38,73,144,215,289,368,450,538,633,737,847,972,1106,1261,1436,1643,1894,2225,2693,3480,4258,1327
"2020-11-05",39,74,147,221,298,377,462,550,646,751,862,987,1122,1278,1459,1671,1933,2269,2743,3550,4364,2193
"2020-11-06",39,77,150,225,303,386,470,562,662,769,885,1014,1156,1319,1507,1726,1991.20000000001,2338,2820,3632,4445,53
"2020-11-07",41,79,156,233,315,399,488,581,681,790,907,1037,1178,1344,1534,1755,2028,2376,2867,3725,4560.02499999999,2999
"2020-11-08",41,79,157,235,316,403,492,587,688,798,919,1053,1201,1368,1562,1791,2069,2427,2928,3776,4651.02499999999,2638
"2020-11-09",42,81,160,238,321,408,498,597,702,812,933,1071,1223,1390,1585,1815,2093,2459,2972.10000000001,3852,4743,2695
"2020-11-10",42,81,158,240,324,412,505,606,714,829,953,1091,1245,1419,1624,1859,2144,2511,3020.10000000001,3906,4799,2333
"2020-11-11",44,86,166,250,335,425,519,621,731,847,974,1112,1270,1447,1646,1885,2180,2545.14999999999,3081,3985,4902.02499999999,2686
"2020-11-12",46,88,172,254,344,435,533,637,746,865,994,1138,1295,1472,1678,1919,2225,2611,3151,4077,5015,2599
"2020-11-13",46,87,169,257,345,438,537,642,755,876,1008,1154,1317,1499,1707.29999999999,1953,2263,2653,3197,4143,5109.02499999999,75
"2020-11-14",45,87,173,261,351,447,546,652,763,885,1017,1164,1328,1513,1725,1976,2277,2683,3241,4179,5090.02499999999,4304
"2020-11-15",47,90,176,266,359,455,557,662,776,902,1039,1189,1358,1542,1759,2012,2322,2727,3295,4260.04999999999,5228.02499999999,3162
"2020-11-16",47,92,180,272,363,460,562,674,793,922,1057,1208,1378,1569,1787,2046,2359,2761,3337.10000000001,4323,5317.04999999999,2149
"2020-11-17",49,93,183,272,367,466,569,681,801,933,1074,1229,1402,1596,1819,2080,2401,2813,3400,4408,5417,2607
"2020-11-18",47,93,183,275,369,471,577,691,812,939,1077,1234,1408,1602,1821,2082,2406,2827,3428,4439,5444.02499999999,4114
"2020-11-19",48,94,184,277,374,475,583,696,817,951,1092,1250,1428,1622,1853,2124,2454,2878,3470,4495.04999999999,5531,2741
"2020-11-20",48,96,189,282,381,484,591,707,830,967,1110,1269,1447,1649,1876,2145.25,2479,2902,3513,4544,5590.02499999999,87
"2020-11-21",48,96,190,282,379,483,594,712,837,974,1119,1285,1461,1663,1895,2170,2501,2941,3537,4603,5634,3864
"2020-11-22",51,99,194,289,390,496,605,721,850,985,1136,1300,1482,1688,1923,2202,2542,2979.14999999999,3602,4648.04999999999,5729.02499999999,2752
"2020-11-23",50,97,192,288,390,496,610,730,859,996,1145,1308,1494,1701,1942,2218,2563,3007,3624,4681,5720,1768
"2020-11-24",51,99,193,292,395,500,612,730,857,999,1150,1319,1505,1719,1957,2236,2589,3044,3665,4758.04999999999,5842,110
"2020-11-25",52,100,196,296,398,503,615,736,868,1011,1164,1333,1520,1734,1977,2261,2615,3060,3691,4780.04999999999,5871,6670
"2020-11-26",51,100,198,297,399,508,621,741,872,1011,1162,1329,1518,1729,1972,2260,2609,3056,3689,4794.04999999999,5905,3573
"2020-11-27",52,101,200,299,402,511,627,750,880,1025,1176,1343,1535,1746,1998,2290,2642,3097,3725,4838,5944.02499999999,65
"2020-11-28",53,104,202,304,408,516,632,756,888,1030,1185,1356,1545,1758.35000000001,2005,2298,2659,3116,3759,4871,5968.04999999999,4234
"2020-11-29",53,102,201,300,403,514,630,753,885,1030,1186,1357,1546.39999999999,1761,2009,2305,2673,3139,3786,4906,6002.02499999999,2386
"2020-11-30",53,102,202,304,411,521,637,760,894,1040,1200,1374,1566,1785.35000000001,2035,2325,2680,3141,3789,4919,6050.02499999999,3314
"2020-12-01",54,104,203,306,414,525,640,763,897,1041,1196,1370,1564,1778,2026,2322,2693,3152.14999999999,3809,4943.04999999999,6072.02499999999,2602
"2020-12-02",55,107,207,311,416,528,643,768,901,1049,1206,1376,1566,1785,2032,2321,2677,3145,3804,4930,6096.02499999999,3479
"2020-12-03",55,106,207,307,414,525,644,771,906,1052,1212,1382,1580,1800,2055,2352,2717,3184,3840.10000000001,4971,6089.02499999999,2301
"2020-12-04",55,105,206,310,415,527,643,770,903,1046,1204,1379,1576,1789,2037,2336,2696,3158,3824,4956,6086,64
"2020-12-05",52,104,205,306,413,522,641,766,898,1043,1203,1377,1566,1784,2035,2332,2688.20000000001,3160,3810.10000000001,4941,6064.02499999999,3413
"2020-12-06",56,106,207,310,415,529,647,771,903,1048,1206,1380,1574,1795,2042,2336,2702,3173,3824,4947.04999999999,6061,3010
"2020-12-07",53,104,203,306,411,524,642,767,902,1049,1206,1378,1571,1788,2038,2332,2703.20000000001,3170,3825,4947,6024.04999999999,1992
"2020-12-08",53,103,203,306,411,524,639,763,899,1044,1201,1377,1572,1789,2042,2337,2697,3167,3821,4935,6065.02499999999,2498
"2020-12-09",54,103,205,307,413,524,641,766,897,1040,1198,1373,1566,1786,2031,2322,2680,3150,3797.10000000001,4917,6025,1903
"2020-12-10",55,103,200,302,406,517,637,761,891,1033,1188,1365,1558,1775,2032,2322,2681,3145.14999999999,3798,4911,6026.09999999998,1820
"2020-12-11",52,102,202,303,409,519.75,636,760,893,1034,1187,1355,1547,1762,2015,2304,2661,3123,3785,4888,5989,40
"2020-12-12",52,102,199,300,405,512,627,749,880,1021,1178,1349,1536,1750,1992,2285,2639,3090,3723,4843,5974.02499999999,2420
"2020-12-13",53,103,201,300,404,515,630,754,887,1029,1179,1344,1529,1743,1992,2281,2636,3087.14999999999,3738,4849,5967.02499999999,2558
"2020-12-14",53,102,200,302,405,513,626.699999999997,749,879,1023,1171,1343,1536,1744.35000000001,1996,2283,2637,3085.14999999999,3733,4858,5958,1633
"2020-12-15",53,101,197,294,396,503,615,735,865,1005,1156,1324,1512,1725,1963,2249,2594,3040,3672,4754,5852.02499999999,1665
"2020-12-16",52,100,197,296,397,505,618,740,869,1005,1159,1323,1508,1712,1955,2234,2581.20000000001,3030.14999999999,3655,4730,5806.02499999999,1694
"2020-12-17",52,101,195,292,393,499,610,730,860,998,1151,1318,1501,1712,1951,2236,2585,3029,3654,4717.04999999999,5802.02499999999,1389
"2020-12-18",52,100,192,290,389,495,605.699999999997,722,848,985,1135,1298,1482,1686,1922,2207,2561,3001,3638,4720,5795,24
"2020-12-19",51,97,192,288,387,492,602,722,849,986,1136,1301,1484,1687,1923,2194,2533,2983,3610,4681,5745,2007
"2020-12-20",50,96,190,284,381,482,592,705,833,969,1113.5,1277,1455,1657,1892,2166,2501,2935,3537,4579,5611,1350
"2020-12-21",48,95,185,279,376,478,588,701,823.600000000006,956,1099,1260,1440,1641,1873,2143,2473,2903,3501,4527,5571,1242
"2020-12-22",49,94,186,278,376,477,583,697,816,948,1092,1248,1422,1619,1847,2118,2448,2878,3463,4481.04999999999,5514,48
"2020-12-23",48,95,184,273,368,469,574,688,809,937,1082,1239,1415,1613,1835,2097,2420,2833.14999999999,3415,4408,5429,30
"2020-12-24",48,93,182,275,370,469.75,574,685,802,932.550000000003,1072,1226,1398,1594,1820,2089,2410,2825,3403,4414,5442,2750
"2020-12-25",46,91,177,268,361,457,561,671,788,916,1054,1208,1379,1568,1785,2049,2364,2780,3360,4325.04999999999,5300,23
"2020-12-26",45,89,175,262,353,450,552,661,778,902,1037,1187,1355,1541,1757,2015,2324,2727,3294,4278,5249.02499999999,1297
"2020-12-27",46,90,175,262,352,446,547,654,769,894,1026,1177,1340,1527,1738,1996,2320,2719,3285,4238,5191,1648
"2020-12-28",45,87,172,258,347,441,540,645,758,879,1012,1160,1320,1505,1719,1971.25,2283,2680,3241,4176,5120.02499999999,1382
"2020-12-29",45,87,169,254,343,435,533,636,747,866,996,1140,1298,1476,1679,1927,2233,2624,3179,4097,5019,62
"2020-12-30",44,85,167,251,336,423,520,620,729,846,973,1112,1269,1449,1651,1891,2190,2567,3107,4017,4918.02499999999,45
"2020-12-31",43,83,163,245,331,421,515,614,722,836,964,1104,1261,1439,1644,1884,2180,2555,3082,3996,4882,2857
"2021-01-01",43,83,162,242,326,412,505,606,713,825,949,1085,1238,1409,1605,1837,2130.20000000001,2503,3018,3895,4789,35
"2021-01-02",41,79,158,238,321,408,498,596,701,813,937,1073,1225,1394,1591,1818,2095,2459.14999999999,2972,3827,4711,2327
"2021-01-03",40,79,155,234,315,399,489,583,687,799,920,1053,1200,1365,1558,1784,2054,2412,2913,3761,4617,1105
"2021-01-04",40,79,154,230,310,394,481,574.649999999994,674,779,896,1029,1173,1339,1526,1744,2020,2370,2854,3680,4519,2000
"2021-01-05",39,76,150,224,304,384,473,564,662,767,885,1013,1154,1314,1505,1723,1991,2334,2811,3651,4460,1384
"2021-01-06",38,75,147,221,299,378,461,551,648,753,867,995,1135,1293,1474,1692,1952,2290,2754.10000000001,3569,4400,1533
"2021-01-07",38,74,146,218,293,374,457,543,639,743,855,977,1116,1269,1445,1657.25,1913,2244,2718.10000000001,3531,4334,903
"2021-01-08",36,72,141,212,285,362,444,529,621,722,835,957,1090,1241,1417,1623,1871,2196,2649,3440.04999999999,4258,30
"2021-01-09",37,71,140,209,282,357,437,522,615,712,819,938,1071,1221,1392,1596,1844,2155,2603,3373,4139.02499999999,2165
"2021-01-10",36,69,134,203,274,349,425,509,599,695,802,919,1050,1196,1362,1563,1803,2120,2554,3305,4048,921
"2021-01-11",35,68,131,198,267,339,416,498,585,680,784,897,1024,1167,1331,1524,1755.20000000001,2059,2488,3220,3968.02499999999,1215
"2021-01-12",34,67,131,194,262,335,410,490,577,671,773,886,1008,1146,1305,1495,1728,2030,2455,3182,3920,1449
"2021-01-13",32,64,127,190,256,326,400,477.649999999994,562,653,752,859,980,1120,1279,1465.25,1690,1987,2394,3091,3779,1274
"2021-01-14",32,64,126,188,252,320,392,468,552,641,739,846,966,1100,1257,1443,1669,1955,2349,3028.04999999999,3718.02499999999,924
"2021-01-15",32,61,120,182,245,309,380,455.649999999994,536,622,716,821,936,1065,1216,1397,1614.20000000001,1893,2287,2948.04999999999,3623.02499999999,7
"2021-01-16",31,60,118,178,239,305,374,447,526,613,705,806.450000000012,920,1049,1200,1374,1589,1864,2252,2912,3571.02499999999,1319
"2021-01-17",31,59,116,174,234,298,367,439,515,598,689,787,896,1019,1163,1333,1533,1801,2181,2807,3456.02499999999,985
"2021-01-18",30,58,114,172,232,292,359,429,503,583,670,767,874,996,1135,1302.25,1503,1771,2141,2772,3418,946
"2021-01-19",29,57,112,169,226,286,350,418,492,571,657,753,859,976,1115,1281,1477,1731,2092,2697,3318,953
"2021-01-20",29,56,109,163,220,279,341,408,480,557,641,734,837,954,1087,1248,1435,1685,2034,2639,3250.02499999999,1016
"2021-01-21",28,54,105,158,213,270,332,398,468,543,624,713,814,927,1057.29999999999,1211,1395.20000000001,1641,1982,2568,3139.02499999999,646
"2021-01-22",26,52,102,153,207,262,321,385,452,525,604,692,790,902,1028,1179,1360,1596,1930,2498.04999999999,3105,7
"2021-01-23",26,51,100,150,203,258,316,376,443,514.550000000003,591,677,772,879,1003,1151,1332,1563,1899.10000000001,2455,3023,1173
"2021-01-24",25,49,96,145,196.800000000003,250,305,364,428,495,571,654,749,853,976,1118,1288,1508,1820,2374.04999999999,2929,998
"2021-01-25",25,49,96,144,194,245,299,357,420,488,561,643,733,834,951,1091,1258,1475,1785,2307,2840.02499999999,758
"2021-01-26",24,47,92,138,185,236,290,348,407,473,544,622,711,811,927,1064,1234,1444,1744,2255,2765.02499999999,806
"2021-01-27",23,46,91,135,182,231,284,339,398,462,531,607,692,789,900,1031,1190,1395,1686,2191,2698,807
"2021-01-28",22,44,88,132,178,225,275,328,385,448,515,590,674,770,877,1007,1159,1359,1644,2133,2616.02499999999,562
"2021-01-29",22,43,84,126,170,216,265,317,373,432,499,572,653,745,851,974,1123,1313,1588,2051.04999999999,2536,15
"2021-01-30",21,42,82,123,166,211,258,310,364,421,486,555,634,723,824,941,1088,1276,1542,2001,2468,1005
"2021-01-31",21,40,79,119,160,203,249,298,351,407,469,538,614,699,801,918,1060,1244,1501,1955,2414,582
"2021-02-01",20,39,77,116,156,198,243,291,342,397,457,524,599,682,777,887,1027,1207,1461,1893,2320,534
"2021-02-02",19,38,75,113,152,193,236,282,332,385,444,508,579,658,752,862,995,1169,1406,1832,2251,966
"2021-02-03",19,37,72,109,146,185,226,271,319,370,427,489,558,635,727,835,965,1132,1370,1790,2197,654
"2021-02-04",18,36,71,105,141,180,220,262,308,358,413,473,539,615,704,808,932,1094,1329,1724,2129.02499999999,478
"2021-02-05",17.9750000000004,34,67,102,137,175,215,256,301,348,401,459,525,598.350000000006,682,783,906,1065,1289,1661,2051,3
"2021-02-06",17,34,65,99,133,169,206.699999999997,247,290,337,389,445,509,580,662,756,874,1026,1240,1620,1992,932
"2021-02-07",16,32,63,95,129,164,200,238,281,327,376,432,494,562,640,733,846,993,1197,1556,1906,414
"2021-02-08",15,31,62,93,125,158,193,232,272,317,365,418,477,544,621,712,822,967,1167,1514,1864.02499999999,520
"2021-02-09",15,30,60,90,121,154,188,224,264,306,352,403,460,524,597,684,792,929,1123,1464.04999999999,1798.02499999999,529
"2021-02-10",15,29,58,87,117,149,183,219,257,298,344,394,448,511,583,668,773,907,1094,1420,1747,495
"2021-02-11",14,28,56,84,113,143,176,210,247,287,330,377,430,491,561,643,741,868,1049,1365.04999999999,1673,324
"2021-02-12",14,27,54,81,109,139,170,203,239,277,319,366,418,477,546,626,726,852,1029,1340,1646,4
"2021-02-13",14,27,54,82,110,140,172,205,241,279,322,368,420,477,545,623,721,844,1025,1334,1635,560
"2021-02-14",15,28,56,84,113,144,176,211,248,288,331,379,432,493,562,643,744,871,1059,1370,1688,454
"2021-02-15",15,30,59,89,120,153,186,223,263,305,351,401,457,521,593,679,788,925,1121,1453,1785.02499999999,496
"2021-02-16",16,33,64,96,129,164,201,240,283,329,379,434,493,561,642,735,849,995,1202,1559,1922.02499999999,507
"2021-02-17",18,35,68,101,137,174,213,256,302,350,404,461,526.399999999994,600,687,786.25,910,1068,1296,1680.04999999999,2077,567
"2021-02-18",19,37,73,111,149,188,231,276,324,376,432,495,565,645,737,844,975,1140,1382,1785,2207,379
"2021-02-19",20,40,79,118,159,201,246,293,346,401,462,529,603,687,783,896,1036,1220,1473.10000000001,1909,2343,2
"2021-02-20",21,42,82,125,168,213,261,312,365,425,489,560,638,729,834,955,1107,1301,1571,2036,2506,708
"2021-02-21",23,45,88,132,178,226,277,330,388,451,519,593,675,767,876,1006,1161,1363,1646,2136.04999999999,2631,741
"2021-02-22",24,47,91,137,185,235,288,345,405,469,543,622,712,812,926,1061,1227,1439.14999999999,1738,2258,2786,597
"2021-02-23",25,49,96,146,196,249,306,366,429,498,572,657,749,853,974,1117,1295,1521,1839,2381,2937,655
"2021-02-24",27,53,102,154,207,263,322,386,454,528,607,694,790,898.350000000006,1026,1178,1362,1602,1936,2501,3080.02499999999,445
"2021-02-25",28,54,108,163,218,277,339,405,477,555,639,730,834,952,1084,1242,1437,1691,2039,2639,3216.02499999999,621
"2021-02-26",29,57,113,170,227,290,356,427,502,583,672,768,876,1000,1144,1311,1516,1780,2152,2786,3422,24
"2021-02-27",31,60,118,180,241,306,374,448,526,610,703,805,919,1045,1191,1363,1582,1863,2254,2924.04999999999,3590,841
"2021-02-28",32,62,123,187,253,320,394,469,552,644,741,849,967,1101,1257,1439,1663,1955,2359,3048.04999999999,3766,717
"2021-03-01",36,68,133,199,267,338,416,497,584,678,783,895,1020,1160,1326,1520,1753,2053,2474.10000000001,3210.04999999999,3962,770
"2021-03-02",35,69,137,206,279,354,433,518,610,707,814,933,1060,1207,1375,1575,1823,2137,2581,3352,4141.02499999999,774
"2021-03-03",37.9750000000004,73,145,218,292.800000000003,372,456,544,638,740,851,974,1110,1267,1450,1657,1912,2249,2706,3503,4306,772
"2021-03-04",41,78,151,226,305,386,472,564,665,771,889,1021,1165,1327,1512.29999999999,1735,2004,2348,2841,3698,4549.02499999999,791
"2021-03-05",41,80,156,236,316,404,493,592,698,810,930,1063,1208,1379,1574,1808,2093,2461,2981,3846,4736.02499999999,25
"2021-03-06",43,83,163,245,331,422,517,618,727,845,973,1115,1271,1445,1651,1890,2186,2565,3095,3998,4947,1060
"2021-03-07",45,88,172,258,346,439,539,646,761,884,1017,1163.45000000001,1326,1512,1727,1973,2276,2663,3216,4177,5155,746
"2021-03-08",47,91,179,270,363,461,564,674,794,921,1060,1213,1381,1573,1795,2054,2372,2789,3370,4378,5380,1243
"2021-03-09",49,96,185,278,374,475,582,697,818,949,1091,1254,1433,1632,1860,2130,2465,2890.14999999999,3498,4536,5597.02499999999,1116
"2021-03-10",51,97,192,287,387,491,605,725,853,990,1143,1306,1491,1697,1938,2219,2567,3009,3635,4705.04999999999,5816.02499999999,1451
"2021-03-11",53,104,203,304,407,517,636,758,890.600000000006,1033,1189,1360,1550,1768,2014,2311,2670,3125,3785,4916,6021.02499999999,945
"2021-03-12",55,106,208,313,424,536,657,786,925,1075,1236,1411,1607,1831,2088,2391,2767,3244,3909.10000000001,5050,6226,64
"2021-03-13",57,111,216,325,436,552,678,811,952,1103,1275,1457,1663,1900,2169,2487,2867,3360,4067,5276,6473.02499999999,1934
"2021-03-14",59,116,225,336,452,574,701,839,985,1140,1309,1500,1711,1950,2222,2551,2951,3462,4193,5451,6721.02499999999,1298
"2021-03-15",60,116,227,342,461,586,716,854,1008,1170,1347,1541,1760.39999999999,2008,2292,2628,3041,3565,4312,5580,6896,1865
"2021-03-16",62,120,230,350,472,601,738,882,1041,1210,1394,1596,1823,2077,2375,2713,3125,3662,4427,5753,7087,1415
"2021-03-17",63,123,242,365,492,624,768,915,1076,1249,1440,1643,1874,2136,2433,2792,3238,3804,4603,5968,7331.02499999999,2251
"2021-03-18",65,126,248,371,505,642,788,945,1113,1289,1482,1698,1936,2199,2515,2882.25,3333,3911,4723,6126,7548,1673
"2021-03-19",68,132,261,389,525,665,811,968,1140,1321,1522,1741,1984,2259,2572,2954,3418,4005.14999999999,4857,6305.04999999999,7779,74
"2021-03-20",69,135,264,396,534,682,835,998,1172,1362,1566,1792,2043,2324,2652,3038,3507,4113,4986.10000000001,6479,7966.02499999999,3125
"2021-03-21",70,136,269,404,545,689,844,1011,1190,1388,1595,1829,2087,2380,2717,3108,3594,4235,5124.10000000001,6645,8204.04999999999,2348
"2021-03-22",71,140,275,413,560,712,870,1038,1221,1416,1636,1869,2131,2427,2772,3177.25,3663,4296,5183.10000000001,6742,8295.02499999999,2510
"2021-03-23",75,145,285,428,578,732,895,1069,1256,1457,1676,1922,2188,2493,2842,3254,3765,4430,5352,6934.04999999999,8565.02499999999,3034
"2021-03-24",76,147,288,432,583,738,900,1078,1267,1470,1695,1947,2221,2535,2891,3310,3826,4504,5427,7045.04999999999,8714.04999999999,3033
"2021-03-25",78,150,292,439,592,753,918,1102,1293,1500,1727,1972,2255,2564,2936,3366,3902,4596,5551.10000000001,7209,8857,2798
"2021-03-26",79,153,299,449,602,766,936.699999999997,1118,1314,1526,1759,2012,2296,2621,3000,3433,3973,4645,5621,7318,9002.04999999999,116
"2021-03-27",80,153,299,454,611,774,946,1135,1335,1550,1782,2042,2328,2651,3026,3459,3992,4692,5688,7386,9115,5155
"2021-03-28",81,158,310,462,621,786,961,1147,1350,1570,1806,2068,2360,2688,3064,3507,4057,4766,5785,7514,9212.02499999999,3327
"2021-03-29",81,158,308,464,623,793,971,1163,1366,1589,1834,2098,2388,2723,3105,3554,4095,4830,5838,7598,9321,3538
"2021-03-30",83,158,309,467,629,793,972,1165,1370,1588,1828,2098,2401,2737,3125,3585,4152,4868,5893,7622,9379.02499999999,3436
"2021-03-31",86,163,318,475,636,809,990,1182,1389,1613,1857,2121,2418,2762,3143.29999999999,3612,4177,4907,5928,7734.04999999999,9572,2862
"2021-04-01",82,161,315,472,636,807,992,1190,1401,1620,1864,2137,2434.39999999999,2774.35000000001,3163,3618,4175,4910.14999999999,5949.10000000001,7733,9561.02499999999,5181
"2021-04-02",85,163,318,477,640,816,999,1191,1400,1623,1870,2139,2444,2788,3183,3646,4220,4946,5957,7750,9540,0
"2021-04-03",85,164,320,477,642,818,1006,1202,1416,1643,1890,2166,2470,2810.35000000001,3210,3681,4256,5002,6043,7856.04999999999,9636,6220
"2021-04-04",83,163,320,482,646,822,1007,1202,1411,1636,1881,2148,2452,2801,3192.29999999999,3651,4229,4972,6007.10000000001,7806,9600,3054
"2021-04-05",83,164,318,476,643,819,1004,1201,1408,1634,1879,2152,2456,2796,3186,3658,4221,4944,5995,7793.04999999999,9613,4853
"2021-04-06",84,161,320,482,649,821,1003,1199,1411,1645,1896,2168,2467,2815,3211,3678,4242,4973,6015.10000000001,7837,9633,4163
"2021-04-07",86,161,314,472,636,807,989,1184,1393,1617.55,1861,2132,2436,2773,3165,3631,4201,4930,5968,7747.04999999999,9539.07499999998,4418
"2021-04-08",83,160,314,474,635,810,994,1185,1393,1612,1853,2124,2424.39999999999,2764,3158,3622,4190.20000000001,4923.14999999999,5959,7742,9512,3372
"2021-04-09",81,156,314,474,636,808,987,1180,1385,1611,1851,2117,2414,2747,3135,3595,4165,4878,5879,7642,9382.04999999999,151
"2021-04-10",83,156.950000000001,306,461,623,791,968,1159,1364,1584,1823,2092,2393,2726,3110,3561,4123,4843,5873.10000000001,7624,9394.02499999999,5067
"2021-04-11",82,157,305,459,618,788,966.699999999997,1154,1357,1576,1814,2079,2373,2702,3077,3531.25,4093,4790,5779,7557,9341.02499999999,5206
"2021-04-12",78,152,299,449,607,770,946,1129,1330,1546,1779,2037,2328,2653,3031.29999999999,3474,4013,4709,5694,7429.09999999998,9152.02499999999,4171
"2021-04-13",80,154,302,453,610,775,948,1130,1328,1544,1778,2031,2311,2637,3011,3453,3991.20000000001,4681,5669,7355,9071,3429
"2021-04-14",77,150,299,445,600,761,933,1114,1307,1518,1745,1992,2276,2590,2953,3377,3904,4588,5543,7174,8816.02499999999,4497
"2021-04-15",78,150,288,434,586,743,911,1089,1279,1485,1705,1950,2230,2540,2894,3319,3836,4503,5435,7063,8732,3048
"2021-04-16",75,145,286,429,576,731,892,1069,1257,1463,1683,1927,2191,2493,2844,3257,3767,4427.14999999999,5360,6935.04999999999,8557.02499999999,137
"2021-04-17",76,145,279,414,556,708,867,1037,1220,1418,1629,1873,2135,2438,2783.29999999999,3187,3686.20000000001,4341,5259,6821.04999999999,8385,4197
"2021-04-18",72,138,268,405,548,696,851,1017,1194,1385,1600,1834,2098,2396,2733,3133.25,3623,4251,5159,6687.04999999999,8265,3332
"2021-04-19",71,138,269,405,544,690,844,1006,1180,1369,1578,1804,2054,2337,2665,3061,3539,4152,5027,6544,8029,2610
"2021-04-20",68,134,261,390,528,672,823,986,1157,1340,1544,1765,2010,2291,2608,2981,3447,4052,4902,6376,7876.04999999999,2553
"2021-04-21",67,129,254,381,514,652,798,955,1120,1303,1495,1711,1953,2220,2531,2901,3358,3937,4773,6205,7642.02499999999,2431
"2021-04-22",65,126,248,374,505,641.75,784,933,1096,1269,1459,1667,1901,2167,2474,2827,3271.20000000001,3849.14999999999,4659,6049.04999999999,7445.02499999999,2502
"2021-04-23",63,123,241,360,487,621,759,909,1065,1237,1423,1630,1858,2115,2416,2771,3210.20000000001,3766,4549,5892,7266,19
"2021-04-24",61,119,234.900000000001,351,471,599,733,876,1030,1198,1376,1571,1794,2047,2335,2678,3091,3630,4398,5701,6994.02499999999,3310
"2021-04-25",61,114,226,338,454,579,707,845,995,1154,1328,1522,1733,1975,2252,2579,2982,3501,4232,5478,6741.04999999999,1953
"2021-04-26",57,111,217,327,441,558,687,821,967,1124,1293,1475,1684,1918,2188,2508,2900,3399,4111,5346,6581,2039
"2021-04-27",55,109,213,318,429,546.75,670,800,940,1092,1258,1441,1640,1867,2127,2431,2815,3307,4003,5182,6406.02499999999,1808
"2021-04-28",55,106,209,309,416,528,645,769,904,1050,1210,1384,1577,1794,2046.29999999999,2344,2717,3201,3857,4995,6125,1787
"2021-04-29",53,102,199,297,399,506,622,742,871,1010,1162,1332,1523,1739,1983,2273,2627,3092,3750,4872.04999999999,5974,1719
"2021-04-30",51,98,192,288,388,492,599,713,837,975,1125.5,1289,1468,1677,1913,2199,2528,2974,3591,4674,5749,40
"2021-05-01",49,93,181,273,368,468,576,687,804,933,1074,1232,1408,1603,1826,2095,2425,2843,3437,4479,5547.02499999999,2419
"2021-05-02",48,91,178,267,357,455,557,667,780,909,1045,1195,1364,1556,1773,2031,2353,2768,3339,4345.04999999999,5371.02499999999,1218
"2021-05-03",46,88,171,256,343,437,534,642,754,875,1005,1149,1311,1490,1703,1955,2262,2652,3196,4145,5142,1343
"2021-05-04",43,85,165,247,331,423,517,617,723,839,966,1103,1256.39999999999,1432,1633,1871,2163,2530,3053,3975,4918,1702
"2021-05-05",41,80,158,236,318,402,491.699999999997,588,692,803,926,1058,1208,1379,1574,1803,2083,2451,2963,3829,4701,1594
"2021-05-06",39,77,149,224,302,383,471,564,666,773,890,1019,1160,1322,1511,1729,1997,2345.14999999999,2833,3663.04999999999,4511,1228
"2021-05-07",37,73,143,216,290,370,452,539,634,736,847,967,1104,1259,1437,1645,1901,2226,2697,3489,4289,0
"2021-05-08",35,69,136,204,275,349,428,514,604,704,810,928,1058,1207,1376,1576,1821,2134,2583,3361,4130.02499999999,1223
"2021-05-09",34,67,132,199,267,339,415,496,582,675,777,890,1015,1153,1315,1508,1746,2048,2480,3218.04999999999,3956.02499999999,1189
"2021-05-10",33,64,125,188,256,324,397,473,553,641,738,846,966,1100,1258,1447,1668,1962,2366,3070,3766,1129
"2021-05-11",32,60,119,179,240,306,376,451,529,616,710,813,926,1056,1205,1383,1598,1881,2273,2943.04999999999,3638,1072
"2021-05-12",30,59,115,173,232,295,360,429,504,586,672,770,878,1002,1145,1313,1516,1777,2153,2790,3434,831
"2021-05-13",29,56,109,164,222,283,346,412.649999999994,485,564,651,745,849,966,1100,1259,1456,1709,2057,2673,3296,589
"2021-05-14",27,52,103,155,210,267,328,391,458,532,613,701,799,911,1041,1190.25,1378,1615,1950,2534,3107,32
"2021-05-15",26,50,99,150,201,255,312,374,439,509,587.5,672,766,873,996,1141,1319,1546,1867,2420,2994,1028
"2021-05-16",25,48,94,141,190,242,295,353,415,482,556,637,727,828,943,1081,1252,1468,1776.10000000001,2303,2841,536
"2021-05-17",23,46,90,135,181,230,283,339,397,462,532,608,695,789,900,1030,1190,1397,1688,2187,2677.02499999999,794
"2021-05-18",22,43,84,127,170,217,267,320,376,437,504,578,659,749,855,979,1132,1330,1601,2074,2553.02499999999,638
"2021-05-19",21,41,80,121,162,206,252,302,355,412,474,543,621,709,809,929,1074,1257,1518,1982.04999999999,2435,517
"2021-05-20",21,39,77,115,156,199,244,291,342,397,456,522,595,678,772,883,1021,1195,1445,1875,2304,475
"2021-05-21",19,37,72,109,148,187,228,273,321,372,428,490,560,638,729,835,966,1135,1368,1778,2189,6
"2021-05-22",18,35,69,104,141,178,218,260,306,356,409,468,534,608,694,798,921,1082,1310,1694,2089,553
"2021-05-23",17,33,66,98,132,169,206,246,289,336,387,442,505,576,658,754,870,1023,1239,1605.04999999999,1977,364
"2021-05-24",16,32,62,93,125,159,194,233,273,317,366,418,478,545,622,713,824,965,1167,1516,1876.02499999999,419
"2021-05-25",15,30,59,88,119,151,185,221,259,301,347,397,453,517,589,675,780,916,1107,1435,1777,413
"2021-05-26",14,28,56,84,112,143,174,209,246,286,329,375,428,489,558,640,739,868,1048,1361,1665,334
"2021-05-27",13,27,53,79,107,135,166,199,234,271,312,357,408,463,529,606,700,822,994,1286,1583,248
"2021-05-28",12,25,49,74,100,128,157,188,221,257,296,340,388,443,505,580,668,784,944,1223,1501,3
"2021-05-29",12,23,46,70,94,120,147,175,207,241,277,317,363,414,472,542,627,736,889,1155,1424,2
"2021-05-30",11,22,44,66,90,114,140,167,196,228,262,300,342,390,446,511,590,694,838,1088,1342,405
"2021-05-31",11,21,42,63,85,108,132,158,186,216,249,285,325,370,422,485,561,658,795,1030,1274,217
"2021-06-01",10,20,39,59,80,101,124,149,175,204,234,268,307,350,399,456,528,622,750,969,1197.02499999999,224
"2021-06-02",9,19,38,56,75,96,118,141,165,192.550000000003,222,255,291,332,378,433,501,589,712,925,1138,279
"2021-06-03",9,17,35,53,71,90,111,132,156,180,208,239,272,311,354,406,470,552,666,867,1073,184
"2021-06-04",9,17,33,50,68,86,105,126,148,171,198,226,257,293,335,384,442,518,629,820.049999999988,1011,12
"2021-06-05",8,15,30,46,62,80,98,117,139,160,185,212,242,276,316,362,417,492,599,774,954,201
"2021-06-06",7,15,29,45,60,76,94,112,131,152,175,201,229,261,297,341,394,464,560,731.049999999988,901,164
"2021-06-07",7,14,28,41,56,72,88,105,124,143,165,189,216,247,281,323,373,437,528,685,851.024999999994,134
"2021-06-08",7,13,26,39,53,67,82,98,115,134,155,178,203,232,265,304,352,414,500,649,802,130
"2021-06-09",6,12,24,36,49,63,77,93,109,127,146,167,191,218,249,286,331,388,470,611,750,184
"2021-06-10",6,11,23,34,46,59,73,87,102,119,137,157,179,204,233,267,310,366,442,574,710,113
"2021-06-11",5,11,21,32,44,56,68,82,96,112,129,148,169,193,221,253,294,345,418,544,669,6
"2021-06-12",5,10,20,30,41,52,64,77,91,106,122,140,160,182,208,239,276,325,392,510,629,174
"2021-06-13",5,9,19,29,39,49,60,72,85,99,114,131,149,171,195,223,259,304,368,478,591,105
"2021-06-14",4,9,18,27,37,47,57,68,80,93,107,123,140,160,183,210,243,286,346,450,553,96
"2021-06-15",4,8,16,25,34,43,53,64,75,88,101,116,132,151,172,197,228,269,325,423,524,85
"2021-06-16",4,8,15,24,32,41,50,60,71,82,95,108,124,142,162,186,216,254,308,401,495,92
"2021-06-17",3,7,15,22,30,38,47,57,66,77,89,102,116,132,151,174,202,237,287,373,458,0
"2021-06-18",3,7,14,21,28,36,44,53,62,72,84,96,109,125,142,164,190,223,270,352,436,0
"2021-06-19",3,6,13,19,26,34,42,50,58,68,79,90,103,117,134,154,178,209,253,330,408,164
"2021-06-20",3,6,12,18,25,32,39,47,55,64,74,85,97,111,127,146,168,197,239,310.049999999988,383,69
"2021-06-21",2,5,11,17,23,29,36,43,51,59,69,79,90,102,117,135,156,184,223,291,357,100
"2021-06-22",2,5,10,16,22,27,34,41,48,56,64,74,84,96,110,127,147,173,210,274,338,NA
"2021-06-23",2,5,10,15,20,26,32,38,45,53,61,70,80,91,104,119,138,162,196,256,316,NA
"2021-06-24",2,4,9,14,19,24,30,36,42,49,57,65,75,85,97,112,130,152,185,240,296,NA
"2021-06-25",2,4,8,13,18,23,28,33,39,46,53,61,69,79,91,105,121,143,174,226,281,NA
"2021-06-26",2,4,8,12,17,21,26,31,37,43,50,57,65,75,85,98,113,134,162,212,262,NA
"2021-06-27",2,4,7,11,16,20,24,29,35,40,47,54,61,70,80,92,106,125,152,199,246,NA
"2021-06-28",1,3,7,11,15,19,23,28,33,38,44,51,58,66,75,86,100,118,143,186,232,NA
"2021-06-29",1,3,7,10,14,17,21,26,30,35,41,47,54,61,70,81,93,110,133,175,217,NA
"2021-06-30",1,3,6,9,13,16,20,24,29,33,38,44,51,58,66,76,88,104,126,164,204,NA
"2021-07-01",1,3,6,9,12,15,19,23,27,31,36,41,47,54,61,71,82,97,118,154,191,NA
"2021-07-02",1,2,5,8,11,14,18,21,25,29,34,39,44,50,58,66,77,90,110,144,178,NA
"2021-07-03",1,2,5,8,10,13,16,20,23,27,32,36,41,47,54,62,72,85,103,135,167,NA
"2021-07-04",1,2,4,7,10,12,15,18,22,25,29,34,38,44,50,58,67,79,96,126,156,NA
"2021-07-05",1,2,4,7,9,12,14,17,20,24,27,31,36,41,47,54,63,74,90,117,145,NA
