Date,2.5 percentile,5.0 percentile,10.0 percentile,15.0 percentile,20.0 percentile,25.0 percentile,30.0 percentile,35.0 percentile,40.0 percentile,45.0 percentile,50.0 percentile,55.0 percentile,60.0 percentile,65.0 percentile,70.0 percentile,75.0 percentile,80.0 percentile,85.0 percentile,90.0 percentile,95.0 percentile,97.5 percentile,ConfirmedCases
2020-01-22,0.0,0.0,0.0,0.0,0.0,0.0,0.0,0.0,0.0,0.0,0.0,0.0,0.0,0.0,0.0,0.0,0.0,0.0,0.0,0.0,0.0,0.0
2020-01-23,0.0,0.0,0.0,0.0,0.0,0.0,0.0,0.0,0.0,0.0,0.0,0.0,0.0,0.0,0.0,0.0,0.0,0.0,0.0,0.0,0.0,0.0
2020-01-24,0.0,0.0,0.0,0.0,0.0,0.0,0.0,0.0,0.0,0.0,0.0,0.0,0.0,0.0,0.0,0.0,0.0,0.0,0.0,0.0,0.0,0.0
2020-01-25,0.0,0.0,0.0,0.0,0.0,0.0,0.0,0.0,0.0,0.0,0.0,0.0,0.0,0.0,0.0,0.0,0.0,0.0,0.0,0.0,0.0,0.0
2020-01-26,0.0,0.0,0.0,0.0,0.0,0.0,0.0,0.0,0.0,0.0,0.0,0.0,0.0,0.0,0.0,0.0,0.0,0.0,0.0,0.0,0.0,0.0
2020-01-27,0.0,0.0,0.0,0.0,0.0,0.0,0.0,0.0,0.0,0.0,0.0,0.0,0.0,0.0,0.0,0.0,0.0,0.0,0.0,0.0,0.0,0.0
2020-01-28,0.0,0.0,0.0,0.0,0.0,0.0,0.0,0.0,0.0,0.0,0.0,0.0,0.0,0.0,0.0,0.0,0.0,0.0,0.0,0.0,0.0,0.0
2020-01-29,0.0,0.0,0.0,0.0,0.0,0.0,0.0,0.0,0.0,0.0,0.0,0.0,0.0,0.0,0.0,0.0,0.0,0.0,0.0,0.0,0.0,0.0
2020-01-30,0.0,0.0,0.0,0.0,0.0,0.0,0.0,0.0,0.0,0.0,0.0,0.0,0.0,0.0,0.0,0.0,0.0,0.0,0.0,0.0,0.0,0.0
2020-01-31,0.0,0.0,0.0,0.0,0.0,0.0,0.0,0.0,0.0,0.0,0.0,0.0,0.0,0.0,0.0,0.0,0.0,0.0,0.0,0.0,0.0,0.0
2020-02-01,0.0,0.0,0.0,0.0,0.0,0.0,0.0,0.0,0.0,0.0,0.0,0.0,0.0,0.0,0.0,0.0,0.0,0.0,0.0,0.0,0.0,0.0
2020-02-02,0.0,0.0,0.0,0.0,0.0,0.0,0.0,0.0,0.0,0.0,0.0,0.0,0.0,0.0,0.0,0.0,0.0,0.0,0.0,0.0,0.0,0.0
2020-02-03,0.0,0.0,0.0,0.0,0.0,0.0,0.0,0.0,0.0,0.0,0.0,0.0,0.0,0.0,0.0,0.0,0.0,0.0,0.0,0.0,0.0,0.0
2020-02-04,0.0,0.0,0.0,0.0,0.0,0.0,0.0,0.0,0.0,0.0,0.0,0.0,0.0,0.0,0.0,0.0,0.0,0.0,0.0,0.0,0.0,0.0
2020-02-05,0.0,0.0,0.0,0.0,0.0,0.0,0.0,0.0,0.0,0.0,0.0,0.0,0.0,0.0,0.0,0.0,0.0,0.0,0.0,0.0,0.0,0.0
2020-02-06,0.0,0.0,0.0,0.0,0.0,0.0,0.0,0.0,0.0,0.0,0.0,0.0,0.0,0.0,0.0,0.0,0.0,0.0,0.0,0.0,0.0,0.0
2020-02-07,0.0,0.0,0.0,0.0,0.0,0.0,0.0,0.0,0.0,0.0,0.0,0.0,0.0,0.0,0.0,0.0,0.0,0.0,0.0,0.0,0.0,0.0
2020-02-08,0.0,0.0,0.0,0.0,0.0,0.0,0.0,0.0,0.0,0.0,0.0,0.0,0.0,0.0,0.0,0.0,0.0,0.0,0.0,0.0,0.0,0.0
2020-02-09,0.0,0.0,0.0,0.0,0.0,0.0,0.0,0.0,0.0,0.0,0.0,0.0,0.0,0.0,0.0,0.0,0.0,0.0,0.0,0.0,0.0,0.0
2020-02-10,0.0,0.0,0.0,0.0,0.0,0.0,0.0,0.0,0.0,0.0,0.0,0.0,0.0,0.0,0.0,0.0,0.0,0.0,0.0,0.0,0.0,0.0
2020-02-11,0.0,0.0,0.0,0.0,0.0,0.0,0.0,0.0,0.0,0.0,0.0,0.0,0.0,0.0,0.0,0.0,0.0,0.0,0.0,0.0,0.0,0.0
2020-02-12,0.0,0.0,0.0,0.0,0.0,0.0,0.0,0.0,0.0,0.0,0.0,0.0,0.0,0.0,0.0,0.0,0.0,0.0,0.0,0.0,0.0,0.0
2020-02-13,0.0,0.0,0.0,0.0,0.0,0.0,0.0,0.0,0.0,0.0,0.0,0.0,0.0,0.0,0.0,0.0,0.0,0.0,0.0,0.0,0.0,0.0
2020-02-14,0.0,0.0,0.0,0.0,0.0,0.0,0.0,0.0,0.0,0.0,0.0,0.0,0.0,0.0,0.0,0.0,0.0,0.0,0.0,0.0,0.0,0.0
2020-02-15,0.0,0.0,0.0,0.0,0.0,0.0,0.0,0.0,0.0,0.0,0.0,0.0,0.0,0.0,0.0,0.0,0.0,0.0,0.0,0.0,0.0,0.0
2020-02-16,0.0,0.0,0.0,0.0,0.0,0.0,0.0,0.0,0.0,0.0,0.0,0.0,0.0,0.0,0.0,0.0,0.0,0.0,0.0,0.0,0.0,0.0
2020-02-17,0.0,0.0,0.0,0.0,0.0,0.0,0.0,0.0,0.0,0.0,0.0,0.0,0.0,0.0,0.0,0.0,0.0,0.0,0.0,0.0,0.0,0.0
2020-02-18,0.0,0.0,0.0,0.0,0.0,0.0,0.0,0.0,0.0,0.0,0.0,0.0,0.0,0.0,0.0,0.0,0.0,0.0,0.0,0.0,0.0,0.0
2020-02-19,0.0,0.0,0.0,0.0,0.0,0.0,0.0,0.0,0.0,0.0,0.0,0.0,0.0,0.0,0.0,0.0,0.0,0.0,0.0,0.0,0.0,0.0
2020-02-20,0.0,0.0,0.0,0.0,0.0,0.0,0.0,0.0,0.0,0.0,0.0,0.0,0.0,0.0,0.0,0.0,0.0,0.0,0.0,0.0,0.0,0.0
2020-02-21,0.0,0.0,0.0,0.0,0.0,0.0,0.0,0.0,0.0,0.0,0.0,0.0,0.0,0.0,0.0,0.0,0.0,0.0,0.0,0.0,0.0,0.0
2020-02-22,0.0,0.0,0.0,0.0,0.0,0.0,0.0,0.0,0.0,0.0,0.0,0.0,0.0,0.0,0.0,0.0,0.0,0.0,0.0,0.0,0.0,0.0
2020-02-23,0.0,0.0,0.0,0.0,0.0,0.0,0.0,0.0,0.0,0.0,0.0,0.0,0.0,0.0,0.0,0.0,0.0,0.0,0.0,0.0,0.0,0.0
2020-02-24,0.0,0.0,0.0,0.0,0.0,0.0,0.0,0.0,0.0,0.0,0.0,0.0,0.0,0.0,0.0,0.0,0.0,0.0,0.0,0.0,0.0,0.0
2020-02-25,0.0,0.0,0.0,0.0,0.0,0.0,0.0,0.0,0.0,0.0,0.0,0.0,0.0,0.0,0.0,0.0,0.0,0.0,0.0,0.0,1.0,0.0
2020-02-26,0.0,0.0,0.0,0.0,0.0,0.0,0.0,0.0,0.0,0.0,0.0,0.0,0.0,0.0,0.0,0.0,0.0,0.0,0.0,0.0,1.0,0.0
2020-02-27,0.0,0.0,0.0,0.0,0.0,0.0,0.0,0.0,0.0,0.0,0.0,0.0,0.0,0.0,0.0,0.0,0.0,0.0,0.0,1.0,1.0,0.0
2020-02-28,0.0,0.0,0.0,0.0,0.0,0.0,0.0,0.0,0.0,0.0,0.0,0.0,0.0,0.0,0.0,0.0,0.0,0.0,0.0,1.0,1.0,0.0
2020-02-29,0.0,0.0,0.0,0.0,0.0,0.0,0.0,0.0,0.0,0.0,0.0,0.0,0.0,0.0,0.0,0.0,0.0,0.0,0.0,1.0,1.0,0.0
2020-03-01,0.0,0.0,0.0,0.0,0.0,0.0,0.0,0.0,0.0,0.0,0.0,0.0,0.0,0.0,0.0,0.0,0.0,0.0,1.0,1.0,1.0,0.0
2020-03-02,0.0,0.0,0.0,0.0,0.0,0.0,0.0,0.0,0.0,0.0,0.0,0.0,0.0,0.0,0.0,0.0,0.0,1.0,1.0,1.0,1.0,0.0
2020-03-03,0.0,0.0,0.0,0.0,0.0,0.0,0.0,0.0,0.0,0.0,0.0,0.0,0.0,0.0,0.0,0.0,0.0,1.0,1.0,1.0,2.0,1.0
2020-03-04,0.0,0.0,0.0,0.0,0.0,0.0,0.0,0.0,0.0,0.0,0.0,0.0,0.0,0.0,0.0,1.0,1.0,1.0,1.0,1.0,2.0,0.0
2020-03-05,0.0,0.0,0.0,0.0,0.0,0.0,0.0,0.0,0.0,0.0,0.0,0.0,0.0,0.0,1.0,1.0,1.0,1.0,1.0,2.0,2.0,0.0
2020-03-06,0.0,0.0,0.0,0.0,0.0,0.0,0.0,0.0,0.0,0.0,0.0,0.0,1.0,1.0,1.0,1.0,1.0,1.0,2.0,2.0,2.0,1.0
2020-03-07,0.0,0.0,0.0,0.0,0.0,0.0,0.0,0.0,0.0,0.0,0.0,1.0,1.0,1.0,1.0,1.0,1.0,2.0,2.0,2.0,3.0,0.0
2020-03-08,0.0,0.0,0.0,0.0,0.0,0.0,0.0,0.0,0.0,1.0,1.0,1.0,1.0,1.0,1.0,2.0,2.0,2.0,2.0,3.0,4.0,0.0
2020-03-09,0.0,0.0,0.0,0.0,0.0,0.0,0.0,1.0,1.0,1.0,1.0,1.0,1.0,2.0,2.0,2.0,2.0,3.0,3.0,4.0,4.0,5.0
2020-03-10,0.0,0.0,0.0,0.0,0.0,1.0,1.0,1.0,1.0,1.0,1.0,2.0,2.0,2.0,2.0,3.0,3.0,3.0,4.0,5.0,5.0,0.0
2020-03-11,0.0,0.0,0.0,1.0,1.0,1.0,1.0,1.0,2.0,2.0,2.0,2.0,3.0,3.0,3.0,3.0,4.0,4.0,5.0,6.0,7.0,1.0
2020-03-12,0.0,0.0,1.0,1.0,1.0,2.0,2.0,2.0,2.0,3.0,3.0,3.0,3.0,4.0,4.0,4.0,5.0,5.0,6.0,7.0,8.0,8.0
2020-03-13,0.0,1.0,1.0,2.0,2.0,2.0,3.0,3.0,3.0,4.0,4.0,4.0,5.0,5.0,5.0,6.0,6.0,7.0,8.0,9.0,10.0,2.0
2020-03-14,1.0,1.0,2.0,3.0,3.0,3.0,4.0,4.0,5.0,5.0,5.0,6.0,6.0,7.0,7.0,8.0,8.0,9.0,10.0,12.0,13.0,7.0
2020-03-15,2.0,2.0,3.0,4.0,4.0,5.0,5.0,6.0,6.0,7.0,7.0,8.0,8.0,9.0,10.0,10.0,11.0,12.0,13.0,15.0,17.0,7.0
2020-03-16,3.0,4.0,5.0,6.0,6.0,7.0,8.0,8.0,9.0,9.0,10.0,11.0,11.0,12.0,13.0,14.0,15.0,16.0,17.0,20.0,22.0,2.0
2020-03-17,4.0,5.0,7.0,8.0,9.0,10.0,11.0,11.0,12.0,13.0,14.0,14.0,15.0,16.0,17.0,18.0,19.0,21.0,23.0,26.0,29.0,8.0
2020-03-18,6.0,8.0,10.0,11.0,12.0,13.0,14.0,15.0,16.0,17.0,18.0,19.0,21.0,22.0,23.0,24.0,26.0,28.0,31.0,35.0,39.0,24.0
2020-03-19,9.0,11.0,14.0,15.0,17.0,18.0,20.0,21.0,22.0,24.0,25.0,26.0,28.0,29.0,31.0,33.0,35.0,37.0,41.0,46.0,52.0,38.0
2020-03-20,13.0,15.0,19.0,21.0,23.0,25.0,27.0,28.0,30.0,32.0,33.0,35.0,37.0,39.0,41.0,44.0,46.0,50.0,54.0,62.0,69.0,40.0
2020-03-21,18.0,21.0,25.0,28.0,31.0,34.0,36.0,38.0,40.0,42.0,45.0,47.0,49.0,52.0,55.0,58.0,61.0,66.0,72.0,81.0,90.0,40.0
2020-03-22,24.0,28.0,34.0,38.0,41.0,44.0,47.0,50.0,53.0,56.0,59.0,61.0,65.0,68.0,71.0,75.0,80.0,86.0,93.0,106.0,117.0,85.0
2020-03-23,32.0,37.0,44.0,49.0,54.0,58.0,61.0,65.0,68.0,72.0,75.0,79.0,83.0,87.0,92.0,97.0,103.0,110.0,119.0,135.0,149.0,33.0
2020-03-24,40.0,47.0,56.0,62.0,67.0,72.0,77.0,81.0,86.0,90.0,94.0,99.0,104.0,109.0,115.0,121.0,128.0,137.0,149.0,168.0,186.0,95.0
2020-03-25,49.0,58.0,68.0,75.0,82.0,88.0,93.0,98.0,104.0,109.0,114.0,120.0,126.0,132.0,139.0,146.0,155.0,166.0,180.0,203.0,225.0,165.0
2020-03-26,57.0,67.0,79.0,88.0,95.0,102.0,108.0,114.0,120.0,126.0,132.0,139.0,146.0,153.0,161.0,170.0,180.0,192.0,209.0,236.0,261.0,77.0
2020-03-27,65.0,75.0,88.0,98.0,106.0,114.0,121.0,127.0,134.0,141.0,148.0,155.0,162.0,170.0,179.0,189.0,200.0,214.0,233.0,263.0,291.0,145.0
2020-03-28,70.0,81.0,95.0,106.0,115.0,123.0,131.0,138.0,145.0,153.0,160.0,168.0,176.0,184.0,194.0,204.0,216.0,231.0,251.0,282.0,312.0,188.0
2020-03-29,75.0,87.0,102.0,113.0,122.0,131.0,139.0,146.0,154.0,161.0,169.0,177.0,186.0,194.0,204.0,215.0,228.0,243.0,264.0,297.0,328.0,194.0
2020-03-30,79.0,91.0,107.0,119.0,129.0,137.0,146.0,154.0,161.0,169.0,177.0,185.0,194.0,203.0,213.0,225.0,238.0,253.0,274.0,307.0,338.0,137.0
2020-03-31,83.0,96.0,112.0,124.0,134.0,143.0,152.0,160.0,168.0,176.0,184.0,193.0,202.0,211.0,221.0,233.0,246.0,262.0,284.0,317.0,350.0,224.0
2020-04-01,87.0,100.0,116.0,129.0,139.0,149.0,157.0,166.0,174.0,182.0,191.0,199.0,208.0,218.0,229.0,240.0,254.0,271.0,293.0,327.0,359.0,64.0
2020-04-02,90.0,103.0,121.0,133.0,144.0,154.0,163.0,172.0,180.0,189.0,197.0,206.0,216.0,226.0,236.0,248.0,262.0,280.0,302.0,338.0,371.0,267.0
2020-04-03,93.0,107.0,124.0,138.0,149.0,159.0,168.0,177.0,186.0,194.0,203.0,213.0,222.0,233.0,244.0,256.0,271.0,288.0,311.0,348.0,381.0,235.0
2020-04-04,95.0,110.0,129.0,142.0,153.0,164.0,173.0,182.0,192.0,201.0,210.0,219.0,229.0,240.0,251.0,264.0,279.0,296.0,320.0,357.0,392.0,309.0
2020-04-05,99.0,114.0,133.0,147.0,158.0,169.0,179.0,188.0,198.0,207.0,216.0,226.0,236.0,247.0,259.0,272.0,287.0,306.0,330.0,368.0,404.0,183.0
2020-04-06,101.0,117.0,136.0,151.0,163.0,174.0,184.0,193.0,203.0,213.0,222.0,232.0,243.0,254.0,266.0,279.0,295.0,314.0,339.0,378.0,415.0,285.0
2020-04-07,104.0,120.0,141.0,155.0,168.0,179.0,189.0,200.0,209.0,219.0,229.0,239.0,250.0,262.0,274.0,288.0,304.0,323.0,349.0,389.0,427.0,350.0
2020-04-08,108.0,124.0,145.0,160.0,172.0,184.0,195.0,205.0,215.0,225.0,235.0,246.0,257.0,269.0,282.0,296.0,312.0,332.0,359.0,400.0,438.0,203.0
2020-04-09,111.0,127.0,149.0,164.0,177.0,189.0,200.0,211.0,221.0,231.0,242.0,253.0,264.0,276.0,289.0,304.0,321.0,341.0,368.0,411.0,451.0,228.0
2020-04-10,114.0,131.0,153.0,169.0,183.0,195.0,206.0,217.0,228.0,238.0,249.0,260.0,272.0,284.0,297.0,312.0,330.0,351.0,378.0,422.0,463.0,255.0
2020-04-11,117.0,134.0,157.0,173.0,187.0,200.0,211.0,222.0,233.0,244.0,255.0,266.0,278.0,291.0,305.0,320.0,338.0,359.0,388.0,433.0,475.0,404.0
2020-04-12,120.0,139.0,161.0,178.0,192.0,205.0,217.0,228.0,240.0,251.0,262.0,274.0,286.0,299.0,313.0,329.0,347.0,369.0,399.0,445.0,487.0,210.0
2020-04-13,124.0,142.0,165.0,182.0,197.0,210.0,222.0,234.0,245.0,257.0,268.0,280.0,293.0,307.0,321.0,337.0,356.0,379.0,409.0,456.0,500.0,268.0
2020-04-14,126.0,145.0,169.0,187.0,202.0,216.0,228.0,240.0,252.0,264.0,276.0,288.0,301.0,315.0,330.0,346.0,365.0,388.0,419.0,468.0,513.0,204.0
2020-04-15,129.0,149.0,174.0,192.0,207.0,221.0,234.0,246.0,258.0,270.0,283.0,295.0,308.0,323.0,338.0,355.0,374.0,398.0,429.0,479.0,525.0,131.0
2020-04-16,133.0,153.0,179.0,197.0,213.0,227.0,240.0,253.0,265.0,277.0,290.0,303.0,316.0,331.0,347.0,364.0,384.0,409.0,441.0,493.0,541.0,340.0
2020-04-17,137.0,157.0,183.0,203.0,219.0,233.0,246.0,259.0,272.0,285.0,298.0,311.0,325.0,340.0,355.0,373.0,394.0,418.0,451.0,504.0,552.0,396.0
2020-04-18,141.0,161.0,188.0,207.0,224.0,239.0,252.0,266.0,279.0,292.0,305.0,319.0,333.0,348.0,364.0,383.0,404.0,430.0,464.0,517.0,566.0,281.0
2020-04-19,144.0,165.0,192.0,212.0,229.0,244.0,258.0,272.0,286.0,299.0,313.0,327.0,341.0,357.0,374.0,393.0,414.0,440.0,474.0,529.0,579.0,353.0
2020-04-20,147.0,169.0,198.0,218.0,235.0,251.0,265.0,279.0,293.0,306.0,320.0,334.0,349.0,365.0,382.0,401.0,424.0,450.0,486.0,543.0,596.0,271.0
2020-04-21,152.0,174.0,203.0,224.0,241.0,257.0,272.0,286.0,300.0,314.0,328.0,343.0,358.0,374.0,392.0,412.0,435.0,463.0,499.0,555.0,609.0,187.0
2020-04-22,155.0,179.0,208.0,230.0,247.0,263.0,279.0,293.0,308.0,322.0,337.0,352.0,367.0,384.0,402.0,422.0,446.0,474.0,512.0,570.0,625.0,269.0
2020-04-23,158.0,182.0,212.0,235.0,253.0,270.0,286.0,300.0,315.0,329.0,344.0,360.0,376.0,393.0,412.0,433.0,457.0,486.0,524.0,584.0,639.0,388.0
2020-04-24,163.0,187.0,218.0,241.0,260.0,277.0,293.0,308.0,323.0,338.0,353.0,369.0,386.0,403.0,422.0,443.0,468.0,497.0,536.0,598.0,656.0,444.0
2020-04-25,167.0,192.0,224.0,247.0,266.0,284.0,300.0,316.0,331.0,346.0,362.0,378.0,395.0,413.0,432.0,454.0,479.0,510.0,550.0,614.0,672.0,496.0
2020-04-26,171.0,197.0,229.0,252.0,272.0,290.0,307.0,323.0,339.0,355.0,371.0,387.0,404.0,423.0,443.0,465.0,491.0,522.0,563.0,628.0,688.0,282.0
2020-04-27,176.0,202.0,235.0,259.0,279.0,298.0,315.0,331.0,347.0,364.0,380.0,397.0,414.0,433.0,453.0,476.0,502.0,533.0,575.0,640.0,702.0,205.0
2020-04-28,180.0,206.0,240.0,265.0,286.0,305.0,322.0,339.0,356.0,372.0,389.0,406.0,424.0,443.0,464.0,488.0,514.0,547.0,590.0,657.0,720.0,533.0
2020-04-29,185.0,211.0,246.0,272.0,293.0,312.0,330.0,347.0,364.0,381.0,398.0,416.0,434.0,454.0,475.0,499.0,527.0,560.0,604.0,673.0,737.0,379.0
2020-04-30,189.0,217.0,252.0,279.0,300.0,320.0,339.0,357.0,374.0,391.0,409.0,427.0,446.0,466.0,488.0,512.0,540.0,574.0,618.0,688.0,754.0,560.0
2020-05-01,194.0,222.0,258.0,285.0,307.0,328.0,346.0,364.0,382.0,400.0,418.0,436.0,455.0,476.0,498.0,523.0,551.0,586.0,632.0,704.0,772.0,415.0
2020-05-02,198.0,227.0,264.0,291.0,314.0,335.0,355.0,373.0,391.0,409.0,428.0,447.0,466.0,488.0,511.0,536.0,566.0,601.0,648.0,722.0,790.0,592.0
2020-05-03,203.0,233.0,271.0,299.0,322.0,344.0,363.0,382.0,400.0,419.0,438.0,457.0,477.0,499.0,523.0,549.0,579.0,615.0,663.0,739.0,810.0,154.0
2020-05-04,207.0,238.0,277.0,306.0,330.0,352.0,372.0,391.0,410.0,429.0,448.0,468.0,489.0,511.0,535.0,562.0,592.0,630.0,679.0,757.0,830.0,203.0
2020-05-05,214.0,245.0,284.0,314.0,338.0,360.0,381.0,401.0,420.0,440.0,460.0,480.0,501.0,523.0,548.0,575.0,606.0,644.0,694.0,773.0,845.0,412.0
2020-05-06,217.0,249.0,290.0,321.0,346.0,368.0,390.0,410.0,430.0,449.0,469.0,490.0,512.0,535.0,560.0,588.0,620.0,659.0,709.0,790.0,864.0,500.0
2020-05-07,222.0,256.0,297.0,328.0,354.0,377.0,398.0,419.0,440.0,460.0,481.0,502.0,524.0,548.0,573.0,602.0,634.0,674.0,727.0,810.0,888.0,648.0
2020-05-08,228.0,262.0,304.0,335.0,361.0,385.0,407.0,429.0,449.0,470.0,491.0,513.0,536.0,560.0,586.0,615.0,649.0,689.0,743.0,829.0,909.0,448.0
2020-05-09,233.0,267.0,311.0,343.0,370.0,394.0,417.0,439.0,460.0,481.0,503.0,525.0,548.0,573.0,600.0,630.0,664.0,706.0,761.0,849.0,931.0,508.0
2020-05-10,238.0,274.0,319.0,352.0,379.0,404.0,427.0,449.0,471.0,492.0,514.0,537.0,561.0,586.0,613.0,644.0,679.0,722.0,778.0,868.0,950.0,396.0
2020-05-11,244.0,280.0,326.0,360.0,388.0,413.0,437.0,459.0,482.0,504.0,526.0,550.0,573.0,600.0,628.0,659.0,695.0,738.0,796.0,887.0,972.0,286.0
2020-05-12,250.0,287.0,333.0,368.0,397.0,422.0,446.0,469.0,492.0,515.0,538.0,562.0,586.0,613.0,641.0,674.0,711.0,756.0,815.0,908.0,995.0,333.0
2020-05-13,255.0,293.0,341.0,376.0,405.0,432.0,456.0,480.0,504.0,527.0,551.0,575.0,600.0,627.0,656.0,688.0,726.0,772.0,832.0,926.0,1014.0,448.0
2020-05-14,261.0,300.0,349.0,385.0,415.0,442.0,468.0,492.0,516.0,539.0,564.0,588.0,614.0,642.0,672.0,705.0,744.0,790.0,852.0,947.0,1037.0,743.0
2020-05-15,268.0,306.0,356.0,392.84999999999854,424.0,451.0,477.0,502.0,526.0,551.0,575.0,601.0,627.0,655.0,686.0,720.0,760.0,808.0,871.0,970.0,1063.0,597.0
2020-05-16,273.0,313.0,365.0,402.0,433.0,462.0,488.0,513.0,538.0,563.0,588.0,615.0,641.0,670.0,701.0,735.0,776.0,824.0,887.0,988.0,1083.0,819.0
2020-05-17,279.0,320.0,372.0,411.0,443.0,471.0,499.0,525.0,550.0,576.0,602.0,628.0,656.0,685.0,717.0,753.0,794.0,844.0,910.0,1013.0,1109.0,528.0
2020-05-18,286.0,328.0,381.0,420.0,453.0,482.0,510.0,536.0,562.0,588.0,614.0,642.0,670.0,700.0,733.0,770.0,811.0,863.0,929.0,1034.0,1129.0,584.0
2020-05-19,292.0,335.0,389.0,429.0,462.0,492.0,521.0,548.0,574.0,600.0,628.0,655.0,684.0,715.0,749.0,786.0,829.0,881.0,949.0,1058.0,1159.0,641.0
2020-05-20,297.0,342.0,398.0,439.0,473.0,504.0,532.0,560.0,587.0,614.0,641.0,670.0,699.0,731.0,765.0,804.0,847.0,900.0,971.0,1082.0,1184.0,459.0
2020-05-21,305.0,350.0,407.0,448.0,483.0,515.0,544.0,572.0,600.0,628.0,656.0,685.0,715.0,747.0,781.0,821.0,865.0,919.0,990.0,1102.0,1206.0,713.0
2020-05-22,311.0,357.0,415.0,457.0,494.0,526.0,556.0,584.0,612.0,640.0,669.0,698.0,730.0,762.0,797.0,836.0,882.0,937.0,1010.0,1125.0,1232.0,727.0
2020-05-23,319.0,365.0,425.0,468.0,504.0,537.0,568.0,597.0,626.0,655.0,684.0,714.0,745.0,779.0,815.0,855.0,902.0,959.0,1033.0,1150.0,1259.0,1070.0
2020-05-24,326.0,374.0,433.0,477.0,514.0,548.0,580.0,610.0,639.0,668.0,698.0,729.0,761.0,795.0,832.0,873.0,921.0,978.0,1054.0,1173.0,1286.0,500.0
2020-05-25,333.0,382.0,444.0,489.0,527.0,561.0,593.0,624.0,654.0,684.0,714.0,745.0,778.0,813.0,851.0,893.0,942.0,1002.0,1079.0,1200.0,1315.0,766.0
2020-05-26,339.0,389.0,452.0,499.0,537.0,572.0,605.0,636.0,667.0,698.0,729.0,761.0,795.0,830.0,869.0,912.0,961.0,1022.0,1099.0,1224.0,1340.0,191.0
2020-05-27,346.0,397.0,461.0,508.0,548.0,583.0,617.0,649.0,680.0,711.0,743.0,775.0,809.0,846.0,885.0,929.0,979.0,1040.0,1120.0,1249.0,1368.0,599.0
2020-05-28,354.0,405.0,471.0,519.0,559.0,595.0,629.0,662.0,693.0,725.0,757.0,791.0,826.0,863.0,904.0,948.0,1000.0,1064.0,1146.0,1276.0,1397.0,829.0
2020-05-29,361.0,414.0,480.0,529.0,570.0,608.0,643.0,676.0,708.0,741.0,774.0,808.0,843.0,881.0,922.0,968.0,1020.2000000000116,1084.0,1169.0,1298.0,1419.0,1119.0
2020-05-30,367.0,421.0,490.0,540.0,582.0,620.0,656.0,689.0,723.0,756.0,790.0,825.0,861.0,899.0,941.0,988.0,1041.0,1106.0,1193.0,1328.0,1453.0,1026.0
2020-05-31,374.0,430.0,500.0,551.0,594.0,632.0,667.0,702.0,736.0,771.0,805.0,841.0,878.0,917.0,959.0,1007.0,1062.0,1129.0,1216.0,1354.0,1482.0,925.0
2020-06-01,384.0,440.0,511.0,563.0,607.0,646.0,683.0,718.0,752.0,786.0,822.0,857.0,895.0,934.0,979.0,1027.0,1083.0,1150.0,1239.0,1378.0,1507.0,682.0
2020-06-02,389.0,447.0,519.0,573.0,617.0,657.0,695.0,731.0,766.0,801.0,837.0,874.0,912.0,953.0,996.0,1046.0,1103.0,1171.0,1263.0,1406.0,1537.0,684.0
2020-06-03,397.0,455.0,530.0,583.0,630.0,670.0,708.0,745.0,782.0,818.0,855.0,892.0,931.0,973.0,1018.0,1069.0,1127.0,1198.0,1291.0,1437.0,1574.0,961.0
2020-06-04,405.0,464.0,540.0,595.0,642.0,684.0,723.0,760.0,797.0,834.0,871.0,909.0,948.0,991.0,1037.0,1088.0,1147.0,1218.0,1312.0,1460.0,1594.0,1263.0
2020-06-05,413.0,474.0,551.0,607.0,654.0,697.0,737.0,775.0,812.0,849.0,887.0,927.0,967.0,1010.0,1057.0,1110.0,1171.0,1243.0,1339.0,1491.0,1631.0,1141.0
2020-06-06,424.0,484.0,562.0,620.0,668.0,711.0,752.0,790.0,828.0,866.0,904.0,943.0,984.0,1028.0,1076.0,1130.0,1191.0,1266.0,1363.0,1517.0,1661.0,1392.0
2020-06-07,428.0,492.0,572.0,630.0,680.0,723.0,765.0,805.0,844.0,883.0,922.0,962.0,1005.0,1049.0,1098.0,1152.0,1214.0,1290.0,1391.0,1546.0,1696.0,854.0
2020-06-08,437.0,501.0,582.0,641.0,691.0,737.0,779.0,820.0,859.0,899.0,939.0,980.0,1023.0,1068.0,1118.0,1173.0,1238.0,1316.0,1417.0,1574.0,1726.0,918.0
2020-06-09,446.0,511.0,594.0,655.0,706.0,751.0,794.0,835.0,875.0,916.0,956.0,998.0,1041.0,1088.0,1138.0,1195.0,1260.0,1339.0,1443.0,1608.0,1758.024999999965,812.0
2020-06-10,455.0,522.0,605.0,666.0,718.0,765.0,808.0,850.0,891.0,931.0,973.0,1015.0,1060.0,1108.0,1159.0,1217.0,1282.0,1362.0,1468.0,1635.0,1790.0,912.0
2020-06-11,460.0,527.0,613.0,677.0,730.0,778.0,822.0,865.0,907.0,948.0,990.0,1034.0,1079.0,1127.0,1179.0,1237.0,1306.0,1387.0,1495.0,1664.0,1818.0,1430.0
2020-06-12,470.0,538.0,627.0,690.0,743.0,791.0,836.0,879.0,921.0,964.0,1007.0,1052.0,1098.0,1146.0,1199.0,1260.0,1328.0,1411.0,1521.0,1695.0,1854.0,1732.0
2020-06-13,477.0,547.0,637.0,702.0,757.0,806.0,851.0,895.0,939.0,982.0,1025.0,1070.0,1118.0,1168.0,1222.0,1283.0,1353.0,1438.0,1548.0,1726.0,1889.0,1444.0
2020-06-14,487.0,558.0,648.0,714.0,770.0,819.0,866.0,911.0,954.0,998.0,1043.0,1088.0,1136.0,1186.0,1242.0,1304.0,1375.0,1462.0,1575.0,1753.0,1921.0,1288.0
2020-06-15,494.0,568.0,659.0,726.0,783.0,834.0,881.0,927.0,971.0,1016.0,1061.0,1108.0,1157.0,1209.0,1265.0,1328.0,1400.0,1487.0,1603.0,1785.0,1951.0,1058.0
2020-06-16,502.0,577.0,671.0,739.0,797.0,848.0,897.0,943.0,988.0,1033.0,1080.0,1127.0,1177.0,1230.0,1287.0,1350.0,1423.0,1511.0,1629.0,1814.0,1987.0,848.0
2020-06-17,512.0,586.0,681.0,750.0,808.0,861.0,910.0,958.0,1004.0,1050.0,1097.0,1145.0,1195.0,1248.0,1306.0,1371.0,1446.0,1536.0,1655.0,1842.0,2017.0,1037.0
2020-06-18,519.0,596.0,693.0,764.0,823.0,877.0,926.0,973.0,1020.0,1068.0,1116.0,1165.0,1216.0,1270.0,1330.0,1394.0,1472.0,1562.0,1683.0,1874.0,2053.024999999965,1284.0
2020-06-19,530.0,606.0,705.0,778.0,838.0,892.0,943.0,992.0,1039.0,1086.0,1134.0,1184.0,1235.0,1291.0,1351.0,1418.0,1495.0,1587.0,1710.0,1902.0,2083.0,1588.0
2020-06-20,538.0,617.0,715.0,788.0,850.0,905.0,957.0,1007.0,1055.0,1104.0,1152.0,1202.0,1256.0,1311.0,1373.0,1440.0,1519.0,1613.0,1738.0,1933.0,2117.0,1626.0
2020-06-21,546.0,626.0,727.0,802.0,864.0,920.0,972.0,1022.0,1072.0,1121.0,1171.0,1222.0,1276.0,1333.0,1395.0,1464.0,1544.0,1640.0,1768.0,1969.0,2154.0,1214.0
2020-06-22,555.0,636.0,739.0,814.0,877.0,933.0,986.0,1037.0,1087.0,1137.0,1188.0,1240.0,1294.0,1352.0,1415.0,1486.0,1566.0,1663.0,1793.0,1996.0,2185.0,986.0
2020-06-23,561.0,645.0,749.0,826.0,891.0,948.0,1002.0,1054.0,1104.0,1154.0,1206.0,1260.0,1315.0,1376.0,1439.0,1511.0,1593.0,1694.0,1826.0,2032.0,2220.0,986.0
2020-06-24,571.0,655.0,761.0,838.0,903.0,961.0,1016.0,1069.0,1121.0,1172.0,1224.0,1278.0,1333.0,1393.0,1458.0,1530.0,1614.0,1715.0,1848.0,2058.0,2250.0,1437.0
2020-06-25,577.0,663.0,770.0,849.0,915.0,975.0,1031.0,1084.0,1137.0,1189.0,1242.0,1297.0,1354.0,1415.0,1480.0,1553.0,1637.0,1739.0,1874.0,2085.0,2285.0,1277.0
2020-06-26,588.0,674.0,783.0,862.0,930.0,990.0,1046.0,1100.0,1153.0,1207.0,1260.0,1316.0,1374.0,1436.0,1503.0,1577.0,1662.0,1766.0,1902.0,2118.0,2318.0,1717.0
2020-06-27,595.0,681.0,793.0,875.0,943.0,1003.0,1061.0,1116.0,1170.0,1223.0,1278.0,1334.0,1393.0,1455.0,1522.0,1598.0,1686.0,1791.0,1930.0,2149.0,2353.0,1452.0
2020-06-28,605.0,694.0,805.0,888.0,958.0,1020.0,1078.0,1133.0,1187.0,1242.0,1296.0,1353.0,1413.0,1475.0,1544.0,1619.0,1708.0,1814.0,1955.0,2178.0,2382.0,1469.0
2020-06-29,613.0,703.0,816.0,900.0,969.0,1032.0,1091.0,1147.0,1203.0,1258.0,1314.0,1371.0,1431.0,1495.0,1565.0,1642.0,1731.0,1839.0,1979.0,2202.0,2413.0,1514.0
2020-06-30,622.0,713.0,828.0,912.0,983.0,1047.0,1106.0,1163.0,1219.0,1276.0,1333.0,1390.0,1453.0,1517.0,1588.0,1667.0,1757.0,1867.0,2010.0,2239.0,2449.0,1372.0
2020-07-01,629.0,720.0,836.0,923.0,995.0,1060.0,1121.0,1179.0,1236.0,1292.0,1349.0,1408.0,1470.0,1536.0,1606.0,1685.0,1778.0,1888.0,2035.0,2265.0,2480.0,1751.0
2020-07-02,638.0,730.0,849.0,936.0,1009.0,1075.0,1135.0,1194.0,1251.0,1310.0,1368.0,1428.0,1490.0,1557.0,1629.0,1710.0,1801.0,1912.0,2061.0,2297.0,2514.0,1697.0
2020-07-03,646.0,741.0,862.0,949.0,1023.0,1088.0,1150.0,1209.0,1267.0,1325.0,1383.0,1443.0,1507.0,1575.0,1649.0,1731.0,1825.0,1937.0,2087.0,2323.0,2542.0,1939.0
2020-07-04,655.0,750.0,872.0,960.0,1035.0,1101.0,1163.0,1223.0,1282.0,1341.0,1401.0,1462.0,1526.0,1595.0,1669.0,1752.0,1848.0,1964.0,2117.0,2357.0,2577.0,1284.0
2020-07-05,661.0,757.0,879.0,970.0,1045.0,1114.0,1177.0,1237.0,1297.0,1356.0,1417.0,1478.0,1544.0,1612.0,1688.0,1771.0,1868.0,1984.0,2138.0,2383.0,2607.0,1361.0
2020-07-06,669.0,769.0,893.0,983.0,1059.0,1127.0,1191.0,1253.0,1314.0,1374.0,1434.0,1497.0,1564.0,1633.0,1709.0,1793.0,1890.0,2008.0,2163.0,2409.0,2637.0,1837.0
2020-07-07,677.0,777.0,901.0,993.0,1070.0,1139.0,1205.0,1267.0,1328.0,1390.0,1451.0,1514.0,1581.0,1651.0,1728.0,1813.0,1911.0,2030.0,2188.0,2439.0,2671.0,1255.0
2020-07-08,685.0,786.0,912.0,1005.0,1084.0,1154.0,1219.0,1282.0,1344.0,1406.0,1469.0,1533.0,1601.0,1672.0,1751.0,1837.0,1937.0,2058.0,2216.0,2469.0,2703.0,1473.0
2020-07-09,693.0,793.0,920.0,1014.0,1093.0,1165.0,1232.0,1295.0,1357.0,1419.0,1482.0,1547.0,1615.0,1686.0,1765.0,1853.0,1954.0,2076.0,2238.0,2492.0,2729.0,1903.0
2020-07-10,700.0,803.0,933.0,1028.0,1108.0,1180.0,1247.0,1311.0,1374.0,1437.0,1501.0,1567.0,1635.0,1708.0,1787.0,1877.0,1979.0,2103.0,2265.0,2519.0,2757.0,2173.0
2020-07-11,711.0,813.0,942.0,1037.0,1117.0,1191.0,1258.0,1323.0,1386.0,1451.0,1515.0,1581.0,1651.0,1724.0,1805.0,1894.0,1998.0,2124.0,2289.0,2548.0,2791.0,2259.0
2020-07-12,713.0,816.0,949.0,1046.0,1128.0,1202.0,1272.0,1337.0,1402.0,1465.0,1531.0,1597.0,1667.0,1741.0,1823.0,1914.0,2018.0,2146.0,2313.0,2575.0,2817.0,1835.0
2020-07-13,719.0,824.0,958.0,1056.0,1139.0,1212.0,1282.0,1348.0,1414.0,1479.0,1544.0,1612.0,1684.0,1758.0,1841.0,1932.0,2038.0,2165.0,2331.0,2592.0,2839.0,1822.0
2020-07-14,728.0,834.0,969.0,1068.0,1151.0,1224.0,1294.0,1361.0,1427.0,1492.0,1558.0,1627.0,1700.0,1776.0,1858.0,1950.0,2055.0,2184.0,2353.0,2620.0,2877.0,2114.0
2020-07-15,731.9750000000004,839.0,977.0,1076.0,1160.0,1235.0,1305.0,1374.0,1441.0,1506.0,1573.0,1642.0,1714.0,1791.0,1874.0,1967.0,2076.0,2203.0,2371.0,2638.0,2887.0,1806.0
2020-07-16,742.0,849.0,985.0,1086.0,1170.0,1246.0,1316.0,1384.0,1451.0,1518.0,1586.0,1656.0,1729.0,1806.0,1890.0,1985.0,2093.0,2223.0,2395.0,2669.0,2921.0,2084.0
2020-07-17,748.0,856.0,995.0,1096.0,1181.0,1257.0,1329.0,1397.0,1464.0,1531.0,1599.0,1669.0,1744.0,1822.0,1907.0,2001.0,2110.0,2243.0,2417.0,2686.0,2942.0,1976.0
2020-07-18,753.0,864.0,1003.0,1105.0,1190.0,1268.0,1340.0,1409.0,1477.0,1545.0,1613.0,1684.0,1758.0,1836.0,1921.0,2017.0,2128.0,2262.0,2439.0,2717.0,2979.0,2434.0
2020-07-19,759.0,870.0,1009.0,1112.0,1200.0,1278.0,1350.0,1420.0,1488.0,1557.0,1626.0,1697.0,1771.0,1851.0,1937.0,2032.0,2142.0,2276.0,2451.0,2735.0,2998.024999999965,1774.0
2020-07-20,766.0,877.0,1018.0,1122.0,1209.0,1287.0,1361.0,1431.0,1499.0,1569.0,1638.0,1711.0,1785.0,1865.0,1952.0,2048.0,2159.0,2294.0,2470.0,2753.0499999999884,3016.0,1335.0
2020-07-21,768.0,882.0,1025.0,1129.0,1217.0,1296.0,1369.0,1440.0,1510.0,1578.0,1649.0,1720.0,1795.0,1875.0,1963.0,2060.0,2173.0,2309.0,2487.0,2772.0,3033.0,1871.0
2020-07-22,777.0,889.0,1033.0,1138.0,1227.0,1306.0,1380.0,1451.0,1520.0,1590.0,1661.0,1734.0,1810.0,1891.0,1980.0,2077.0,2191.0,2327.0,2503.0,2788.0,3047.0,2091.0
2020-07-23,779.0,894.0,1038.0,1144.0,1234.0,1313.0,1389.0,1461.0,1530.0,1600.0,1671.0,1745.0,1821.0,1903.0,1991.0,2091.0,2205.0,2342.0,2523.0,2814.0,3082.0,1912.0
2020-07-24,786.0,897.0,1042.0,1150.0,1240.0,1321.0,1396.0,1469.0,1539.0,1609.0,1681.0,1755.0,1832.0,1914.0,2004.0,2104.0,2219.0,2357.0,2541.0,2833.0,3100.0,2156.0
2020-07-25,791.0,905.0,1051.0,1157.0,1248.0,1329.0,1405.0,1477.0,1547.0,1618.0,1690.0,1764.0,1841.0,1923.0,2014.0,2111.0,2226.0,2364.0,2549.0,2838.0,3106.0,2076.0
2020-07-26,790.0,909.0,1055.0,1163.0,1253.0,1335.0,1410.0,1483.0,1555.0,1626.0,1699.0,1774.0,1851.0,1934.0,2024.0,2124.0,2241.0,2381.0,2563.0,2854.0,3120.0,1520.0
2020-07-27,799.0,915.0,1062.0,1171.0,1262.0,1343.0,1420.0,1494.0,1566.0,1637.0,1710.0,1786.0,1863.0,1945.0,2036.0,2137.0,2252.0,2393.0,2581.0,2875.0,3149.0,1810.0
2020-07-28,800.0,917.0,1066.0,1174.0,1266.0,1349.0,1426.0,1500.0,1571.0,1643.0,1716.0,1791.0,1869.0,1952.0,2043.0,2145.0,2261.0,2404.0,2587.100000000035,2884.0,3158.0,1688.0
2020-07-29,807.0,924.0,1072.0,1181.0,1273.0,1355.0,1432.0,1506.0,1578.0,1650.0,1723.0,1798.0,1878.0,1961.0,2054.0,2155.0,2272.0,2414.0,2602.0,2897.0,3170.0,1727.0
2020-07-30,807.0,925.0,1075.0,1184.0,1276.0,1359.0,1437.0,1511.0,1583.0,1656.0,1730.0,1806.0,1886.0,1971.0,2063.0,2164.0,2281.0,2425.0,2613.0,2907.0,3183.0,2364.0
2020-07-31,809.0,928.0,1077.0,1190.0,1282.0,1366.0,1443.0,1518.0,1591.0,1664.0,1738.0,1815.0,1895.0,1981.0,2074.0,2177.0,2296.0,2440.0,2628.0,2928.0,3202.0,1979.0
2020-08-01,816.0,935.0,1083.0,1194.0,1287.0,1369.0,1447.0,1521.0,1594.0,1668.0,1741.0,1818.0,1898.0,1983.0,2075.0,2177.0,2296.0,2438.0,2629.0,2925.0,3203.0,1645.0
2020-08-02,815.0,935.0,1085.0,1195.0,1288.0,1372.0,1451.0,1526.0,1600.0,1673.0,1747.0,1826.0,1906.0,1991.0,2083.0,2186.0,2304.0,2448.0,2636.0,2938.0,3216.0,1266.0
2020-08-03,821.0,938.0,1090.0,1201.0,1294.0,1378.0,1456.0,1531.0,1605.0,1678.0,1753.0,1829.0,1910.0,1995.0,2087.0,2191.0,2310.0,2454.0,2645.0,2944.0,3225.0,1467.0
2020-08-04,819.0,940.0,1093.0,1204.0,1297.0,1381.0,1459.0,1534.0,1608.0,1682.0,1756.0,1834.0,1914.0,2000.0,2094.0,2201.0,2321.0,2463.0,2651.0,2955.0,3229.0,1488.0
2020-08-05,820.0,940.0,1093.0,1205.0,1299.0,1382.0,1461.0,1536.0,1612.0,1685.0,1760.0,1838.0,1919.0,2005.0,2099.0,2202.0,2322.0,2466.0,2658.0,2959.0,3236.0,1218.0
2020-08-06,824.0,944.0,1097.0,1208.0,1301.0,1385.0,1465.0,1541.0,1615.0,1691.0,1766.0,1843.0,1924.0,2010.0,2103.0,2207.0,2331.0,2476.0,2666.0,2966.0,3242.0,2024.0
2020-08-07,827.0,946.0,1096.0,1208.0,1303.0,1387.0,1467.0,1542.0,1617.0,1692.0,1766.0,1843.0,1924.0,2011.0,2105.0,2208.0,2329.0,2475.0,2667.0,2972.0,3250.0,1555.0
2020-08-08,826.0,947.0,1099.0,1211.0,1305.0,1390.0,1468.0,1544.0,1618.0,1692.0,1766.0,1843.0,1925.0,2011.0,2105.0,2208.0,2329.0,2474.0,2667.0,2968.0,3251.0,1882.0
2020-08-09,825.0,947.0,1100.0,1213.0,1306.0,1391.0,1470.0,1547.0,1621.0,1695.0,1770.0,1848.0,1928.0,2015.0,2108.0,2214.0,2335.0,2481.0,2672.0,2978.0,3262.0,1335.0
2020-08-10,827.0,947.0,1098.0,1209.0,1304.0,1390.0,1469.0,1545.0,1619.0,1693.0,1769.0,1845.0,1927.0,2013.0,2108.0,2213.0,2334.0,2481.0,2671.0,2973.0,3256.024999999965,756.0
2020-08-11,830.0,949.0,1099.0,1212.0,1306.0,1390.0,1469.0,1545.0,1619.0,1693.0,1768.0,1847.0,1927.0,2013.0,2106.0,2211.0,2331.0,2478.0,2667.0,2971.0,3254.0,1068.0
2020-08-12,829.0,949.0,1102.0,1212.0,1306.0,1391.0,1471.0,1546.0,1620.0,1694.0,1768.0,1847.0,1927.0,2013.0,2108.0,2214.0,2334.0,2478.0,2672.0,2975.0,3250.0,1339.0
2020-08-13,826.0,946.0,1099.0,1211.0,1305.0,1390.0,1469.0,1544.0,1618.0,1692.0,1768.0,1846.0,1927.0,2011.0,2104.0,2209.0,2329.0,2477.0,2668.0,2967.0,3248.0,1593.0
2020-08-14,824.0,944.0,1096.0,1208.0,1303.0,1388.0,1466.0,1542.0,1617.0,1691.0,1767.0,1843.0,1923.0,2009.0,2102.0,2206.0,2326.0,2472.0,2664.0,2964.0,3247.0,1538.0
2020-08-15,820.0,941.9500000000007,1095.0,1207.0,1301.0,1386.0,1464.0,1539.0,1613.0,1688.0,1763.0,1841.0,1922.0,2009.0,2101.0,2205.0,2326.0,2471.0,2664.0,2969.0,3248.0,1412.0
2020-08-16,821.0,940.0,1093.0,1205.0,1300.0,1385.0,1463.0,1539.0,1613.0,1688.0,1763.0,1841.0,1921.0,2006.0,2099.0,2203.0,2322.0,2466.0,2659.0,2961.0,3245.0,1155.0
2020-08-17,822.0,940.0,1093.0,1204.0,1297.0,1381.0,1460.0,1534.0,1608.0,1681.0,1756.0,1833.0,1914.0,1999.0,2092.0,2195.0,2315.0,2460.0,2650.0,2949.0,3232.0,831.0
2020-08-18,818.0,937.0,1089.0,1199.0,1292.0,1376.0,1455.0,1530.0,1604.0,1677.0,1751.0,1827.0,1906.0,1991.0,2084.0,2188.0,2307.0,2451.0,2642.0,2944.0,3227.0,1199.0
2020-08-19,818.0,937.0,1085.0,1195.0,1288.0,1373.0,1451.0,1526.0,1599.0,1673.0,1747.0,1823.0,1904.0,1989.0,2082.0,2185.0,2303.0,2446.0,2633.0,2932.0,3208.0,1350.0
2020-08-20,814.9750000000004,932.0,1081.0,1191.0,1284.0,1368.0,1445.0,1520.0,1594.0,1667.0,1741.0,1817.0,1898.0,1983.0,2075.0,2178.0,2297.0,2439.0,2626.0,2925.0,3203.0,1931.0
2020-08-21,812.0,932.0,1081.0,1190.0,1282.0,1365.0,1442.0,1516.0,1588.0,1660.0,1735.0,1812.0,1891.0,1976.0,2068.0,2170.0,2288.0,2430.0,2615.0,2911.0,3189.0,1922.0
2020-08-22,806.0,924.0,1074.0,1184.0,1277.0,1358.0,1436.0,1509.0,1582.0,1654.0,1728.0,1804.0,1883.0,1968.0,2060.0,2163.0,2282.0,2423.0,2607.0,2901.0,3180.0,1622.0
2020-08-23,807.0,924.0,1072.0,1179.0,1271.0,1355.0,1432.0,1505.0,1577.0,1649.0,1723.0,1798.0,1877.0,1960.0,2049.0,2153.0,2270.0,2411.0,2600.0,2897.0,3169.0,1424.0
2020-08-24,802.0,920.0,1066.0,1175.0,1265.0,1347.0,1424.0,1498.0,1570.0,1642.0,1715.0,1791.0,1869.0,1952.0,2042.0,2144.0,2261.0,2402.0,2590.0,2881.0,3160.0,1537.0
2020-08-25,797.0,914.0,1061.0,1169.0,1261.0,1341.0,1417.0,1491.0,1563.0,1634.0,1707.0,1782.0,1859.0,1942.0,2031.0,2132.0,2248.0,2389.0,2573.0,2867.0,3140.0,1258.0
2020-08-26,793.0,908.0,1054.0,1162.0,1253.0,1335.0,1411.0,1485.0,1555.0,1627.0,1698.0,1771.0,1850.0,1932.0,2022.0,2123.0,2238.0,2379.0,2563.0,2852.0,3121.0,1523.0
2020-08-27,789.0,905.9500000000007,1051.0,1157.0,1247.0,1327.0,1403.0,1476.0,1547.0,1619.0,1690.0,1764.0,1842.0,1923.0,2013.0,2112.0,2226.0,2366.0,2550.0,2839.0,3100.0,2007.0
2020-08-28,783.0,898.0,1045.0,1150.0,1240.0,1320.0,1395.0,1467.0,1537.0,1608.0,1679.0,1752.0,1829.0,1910.0,1998.0,2097.0,2211.0,2349.0,2534.0,2827.0,3091.0,1439.0
2020-08-29,780.0,894.0,1038.0,1144.0,1234.0,1314.0,1389.0,1460.0,1530.0,1600.0,1670.0,1743.0,1819.0,1901.0,1989.0,2087.0,2201.0,2338.0,2522.0,2806.0,3077.024999999965,2379.0
2020-08-30,772.0,886.0,1029.0,1134.0,1222.0,1302.0,1377.0,1449.0,1518.0,1588.0,1658.0,1730.0,1806.0,1887.0,1975.0,2073.0,2185.0,2323.0,2503.0,2787.0,3053.0,977.0
2020-08-31,770.0,879.0,1023.0,1128.0,1216.0,1294.0,1366.0,1438.0,1507.0,1577.0,1648.0,1720.0,1796.0,1877.0,1964.0,2062.0,2174.0,2311.0,2492.0,2773.0,3031.0,1479.0
2020-09-01,764.0,876.0,1018.0,1123.0,1210.0,1288.0,1361.0,1431.0,1500.0,1569.0,1638.0,1710.0,1785.0,1864.0,1950.0,2047.0,2159.0,2295.0,2472.0,2752.0,3014.0,1977.0
2020-09-02,761.0,870.0,1009.0,1110.0,1198.0,1276.0,1350.0,1419.0,1487.0,1556.0,1625.0,1696.0,1771.0,1850.0,1935.0,2031.0,2143.0,2275.0,2451.0,2727.0,2983.0,1174.0
2020-09-03,752.0,861.0,1001.0,1103.0,1188.0,1265.0,1337.0,1407.0,1475.0,1542.0,1611.0,1682.0,1755.0,1833.0,1918.0,2013.0,2125.0,2255.0,2429.0,2707.0,2965.0,1651.0
2020-09-04,743.0,854.0,993.0,1094.0,1179.0,1255.0,1328.0,1396.0,1465.0,1531.0,1598.0,1669.0,1742.0,1821.0,1905.0,1998.0,2108.0,2241.0,2415.0,2691.0,2947.0,2057.0
2020-09-05,740.0,848.0,985.0,1085.0,1170.0,1245.0,1317.0,1385.0,1453.0,1519.0,1586.0,1657.0,1730.0,1807.0,1891.0,1984.0,2092.0,2224.0,2396.0,2671.0,2922.0,1276.0
2020-09-06,734.0,842.0,976.0,1078.0,1161.0,1236.0,1307.0,1374.0,1441.0,1507.0,1574.0,1643.0,1716.0,1793.0,1877.0,1970.0,2077.0,2208.0,2379.0,2651.0,2903.0,1017.0
2020-09-07,729.0,835.0,970.0,1067.0,1152.0,1227.0,1296.0,1364.0,1429.0,1495.0,1561.0,1629.0,1701.0,1776.0,1859.0,1951.0,2059.0,2190.0,2361.0,2630.0,2876.0,1071.0
2020-09-08,718.0,825.0,960.0,1057.0,1139.0,1214.0,1281.0,1348.0,1412.0,1477.0,1543.0,1610.0,1681.0,1758.0,1840.0,1932.0,2037.0,2167.0,2335.0,2603.0,2852.0,938.0
2020-09-09,715.0,819.0,952.0,1049.0,1131.0,1204.0,1273.0,1339.0,1403.0,1467.0,1532.0,1600.0,1671.0,1745.0,1826.0,1917.0,2022.0,2150.0,2317.0,2579.0,2824.0,911.0
2020-09-10,708.0,812.0,942.0,1038.0,1118.0,1191.0,1258.0,1324.0,1388.0,1452.0,1516.0,1582.0,1652.0,1727.0,1807.0,1896.0,2001.0,2127.0,2293.0,2553.0,2797.0,1274.0
2020-09-11,701.0,802.0,932.0,1028.0,1109.0,1182.0,1248.0,1312.0,1375.0,1438.0,1502.0,1568.0,1637.0,1711.0,1791.0,1880.0,1982.0,2106.0,2273.0,2529.0,2771.0,1599.0
2020-09-12,695.0,795.0,924.0,1017.0,1097.0,1169.0,1236.0,1299.0,1361.0,1425.0,1489.0,1554.0,1622.0,1695.0,1773.0,1861.0,1962.0,2085.0,2248.0,2504.0,2746.0,1371.0
2020-09-13,687.0,787.0,915.0,1009.0,1087.0,1157.0,1223.0,1286.0,1348.0,1410.0,1472.0,1537.0,1604.0,1676.0,1754.0,1840.0,1941.0,2064.0,2226.0,2482.0,2721.0,1020.0
2020-09-14,679.0,777.0,902.0,994.0,1072.0,1143.0,1209.0,1272.0,1334.0,1395.0,1457.0,1522.0,1588.0,1658.0,1736.0,1823.0,1922.0,2043.0,2201.0,2454.0499999999884,2690.0,1122.0
2020-09-15,670.0,768.0,893.0,985.0,1061.0,1130.0,1195.0,1257.0,1318.0,1379.0,1440.0,1503.0,1569.0,1639.0,1715.0,1801.0,1900.0,2019.0,2179.0,2429.0,2665.0,1039.0
2020-09-16,667.0,762.0,885.0,973.0,1050.0,1118.0,1182.0,1243.0,1303.0,1363.0,1424.0,1486.0,1551.0,1622.0,1698.0,1783.25,1881.0,1999.0,2156.0,2404.0,2633.0,1314.0
2020-09-17,656.0,753.0,874.0,962.0,1037.0,1104.0,1167.0,1228.0,1286.0,1346.0,1405.0,1468.0,1532.0,1601.0,1676.0,1760.0,1857.0,1974.0,2128.0,2371.0,2600.0,1507.0
2020-09-18,648.0,742.0,862.0,951.0,1025.0,1093.0,1155.0,1215.0,1273.0,1332.0,1391.0,1452.0,1517.0,1584.0,1658.0,1741.0,1837.0,1953.0,2106.0,2343.0,2567.0,1365.0
2020-09-19,640.0,733.0,853.0,941.0,1014.0,1080.0,1141.0,1200.0,1258.0,1317.0,1375.0,1435.0,1499.0,1567.0,1640.0,1721.0,1816.0,1931.0,2081.0,2318.0,2538.0,1079.0
2020-09-20,633.0,724.0,841.0,927.0,1000.0,1065.0,1126.0,1185.0,1243.0,1300.0,1358.0,1419.0,1482.0,1549.0,1623.0,1704.0,1797.0,1910.0,2059.0,2295.0,2515.0,1227.0
2020-09-21,626.0,717.0,833.0,918.0,989.0,1053.0,1113.0,1170.0,1227.0,1283.0,1341.0,1401.0,1462.0,1528.0,1600.0,1680.0,1773.0,1884.0,2031.0,2264.0,2483.0,1115.0
2020-09-22,615.0,706.0,820.0,902.0,974.0,1038.0,1098.0,1155.0,1211.0,1267.0,1323.0,1382.0,1444.0,1509.0,1580.0,1659.0,1749.0,1857.0,2004.0,2238.0,2456.0,1165.0
2020-09-23,609.0,698.0,811.0,892.0,963.0,1025.0,1084.0,1140.0,1195.0,1250.0,1306.0,1363.0,1423.0,1487.0,1557.0,1635.0,1725.0,1836.0,1981.0,2209.0,2425.0,1173.0
2020-09-24,601.0,688.0,800.0,880.0,949.0,1011.0,1069.0,1125.0,1179.0,1234.0,1290.0,1346.0,1406.0,1470.0,1540.0,1617.0,1706.0,1814.0,1955.0,2178.0,2390.0,1805.0
2020-09-25,591.0,677.0,787.9000000000015,870.0,937.0,998.0,1056.0,1111.0,1164.0,1218.0,1273.0,1329.0,1388.0,1451.0,1520.0,1595.0,1683.0,1789.0,1929.0,2150.0,2357.0,5422.0
2020-09-26,580.0,668.0,777.0,856.0,923.0,983.0,1039.0,1093.0,1146.0,1199.0,1253.0,1309.0,1367.0,1430.0,1497.0,1572.0,1658.0,1763.0,1903.0,2121.0,2326.024999999965,1583.0
2020-09-27,575.0,659.0,765.0,844.0,910.0,970.0,1025.0,1079.0,1131.0,1184.0,1237.0,1293.0,1349.0,1410.0,1477.0,1551.0,1636.0,1741.0,1877.0,2093.0,2299.0,1166.0
2020-09-28,567.0,651.0,756.0,833.0,898.0,957.0,1012.0,1064.0,1117.0,1169.0,1221.0,1275.0,1331.0,1392.0,1457.0,1530.0,1613.0,1717.0,1853.0,2068.0,2268.0,1090.0
2020-09-29,558.0,640.0,745.0,821.0,885.0,943.0,998.0,1051.0,1102.0,1153.0,1204.0,1258.0,1314.0,1373.0,1438.0,1510.0,1593.0,1695.0,1829.0,2041.0,2237.0,887.0
2020-09-30,549.0,630.0,732.0,808.0,872.0,929.0,983.0,1034.0,1084.0,1134.0,1185.0,1238.0,1293.0,1352.0,1416.0,1487.0,1568.0,1670.0,1801.0,2009.0,2205.0,1620.0
2020-10-01,540.0,620.0,722.0,796.0,859.0,916.0,968.0,1019.0,1068.0,1118.0,1168.0,1219.0,1274.0,1332.0,1394.0,1466.0,1546.0,1645.0,1774.0,1982.0,2170.0,2214.0
2020-10-02,535.0,612.0,711.0,785.0,846.0,902.0,955.0,1004.0,1053.0,1102.0,1151.0,1201.0,1255.0,1312.0,1374.0,1444.0,1524.0,1622.0,1750.0,1953.0,2142.0,1817.0
2020-10-03,524.0,601.0,700.0,772.0,834.0,888.0,940.0,988.0,1037.0,1085.0,1134.0,1184.0,1237.0,1293.0,1355.0,1423.0,1503.0,1597.0,1724.0,1925.0,2115.0,2014.0
2020-10-04,518.0,593.0,689.0,760.0,820.0,874.0,924.0,973.0,1020.0,1067.0,1115.0,1165.0,1217.0,1272.0,1332.0,1400.0,1477.0,1572.0,1697.0,1893.0,2079.0,592.0
2020-10-05,508.0,583.0,679.0,748.0,807.0,860.0,909.0,957.0,1004.0,1050.5500000000175,1098.0,1147.0,1199.0,1253.0,1313.0,1379.0,1456.0,1549.0,1672.0,1867.0,2052.0,-999.0
2020-10-06,500.0,573.0,667.0,736.0,793.0,846.0,894.0,941.0,988.0,1034.0,1081.0,1129.0,1180.0,1233.0,1291.0,1357.0,1433.0,1524.0,1647.0,1837.0,2016.0,-999.0
2020-10-07,492.0,564.0,657.0,724.0,781.0,832.0,881.0,927.0,972.0,1017.0,1062.0,1110.0,1160.0,1214.0,1273.0,1338.0,1412.0,1503.0,1623.0,1813.0,1989.0,-999.0
2020-10-08,484.0,554.0,645.0,712.0,768.0,819.0,866.0,912.0,957.0,1001.0,1047.0,1093.0,1143.0,1195.0,1252.0,1315.0,1388.0,1477.0,1596.0,1785.0,1962.0,-999.0
2020-10-09,475.0,545.0,634.0,700.0,756.0,805.0,851.0,897.0,941.0,984.0,1029.0,1076.0,1123.0,1175.0,1230.0,1293.0,1366.0,1454.0,1569.0,1758.0,1931.0,-999.0
2020-10-10,468.0,536.0,624.0,689.0,744.0,792.0,838.0,881.0,925.0,968.0,1011.0,1057.0,1104.0,1155.0,1210.0,1271.0,1342.0,1428.0,1543.0,1723.0,1895.0,-999.0
2020-10-11,461.0,527.0,612.0,677.0,730.0,779.0,825.0,868.0,911.0,953.0,996.0,1041.0,1088.0,1137.0,1191.0,1252.0,1322.0,1406.0,1519.0,1700.0,1868.0,-999.0
2020-10-12,450.0,516.0,602.0,665.0,718.0,765.0,809.0,852.0,894.0,936.0,978.0,1021.0,1067.0,1116.0,1170.0,1230.0,1300.0,1385.0,1495.0,1668.0,1830.0,-999.0
2020-10-13,443.0,508.9500000000007,592.0,654.0,706.0,752.0,796.0,838.0,880.0,920.0,962.0,1006.0,1051.0,1099.0,1152.0,1211.0,1279.0,1362.0,1470.0,1645.0,1809.0,-999.0
2020-10-14,435.0,500.0,582.0,642.0,693.0,738.0,782.0,823.0,864.0,904.0,945.0,988.0,1034.0,1082.0,1133.0,1191.0,1257.0,1340.0,1449.0,1621.0,1781.0,-999.0
2020-10-15,428.0,490.0,571.0,631.0,681.0,726.0,768.0,809.0,849.0,889.0,930.0,972.0,1015.0,1062.0,1113.0,1170.0,1236.0,1317.0,1423.0,1591.0,1747.0,-999.0
2020-10-16,422.0,483.0,562.0,621.0,670.0,714.0,755.0,795.0,835.0,874.0,914.0,955.0,998.0,1045.0,1095.0,1151.0,1216.0,1295.0,1398.0,1565.0,1717.0,-999.0
2020-10-17,413.0,473.9500000000007,551.0,608.0,657.0,701.0,742.0,781.0,820.0,858.0,897.0,938.0,980.0,1025.0,1074.0,1129.0,1193.0,1271.0,1374.0,1537.0,1690.0,-999.0
2020-10-18,404.0,464.0,541.0,597.0,645.0,688.0,728.0,767.0,804.0,842.5500000000175,881.0,921.0,964.0,1008.0,1056.0,1111.0,1173.0,1250.0,1351.0,1513.0,1664.0,-999.0
